artykul,strona_pdf,status_zrodla,moduly,status_komentarza
1,3,TEKST_W_TJ,mod-PrUpad-wniosek-ogloszenie.md,PROCEDURA_TEMATYCZNA_I_ODCZYT_JEDNOSTKI
2,3,TEKST_W_TJ,mod-PrUpad-wniosek-ogloszenie.md,PROCEDURA_TEMATYCZNA_I_ODCZYT_JEDNOSTKI
3,4,TEKST_W_TJ,mod-PrUpad-wniosek-ogloszenie.md,PROCEDURA_TEMATYCZNA_I_ODCZYT_JEDNOSTKI
4,4,TEKST_W_TJ,mod-PrUpad-wniosek-ogloszenie.md,PROCEDURA_TEMATYCZNA_I_ODCZYT_JEDNOSTKI
4a,4,TEKST_W_TJ,mod-PrUpad-wniosek-ogloszenie.md,PROCEDURA_TEMATYCZNA_I_ODCZYT_JEDNOSTKI
5,4,TEKST_W_TJ,mod-PrUpad-wniosek-ogloszenie.md,PROCEDURA_TEMATYCZNA_I_ODCZYT_JEDNOSTKI
6,4,TEKST_W_TJ,mod-PrUpad-wniosek-ogloszenie.md,PROCEDURA_TEMATYCZNA_I_ODCZYT_JEDNOSTKI
7,4,TEKST_W_TJ,mod-PrUpad-wniosek-ogloszenie.md,PROCEDURA_TEMATYCZNA_I_ODCZYT_JEDNOSTKI
8,4,TEKST_W_TJ,mod-PrUpad-wniosek-ogloszenie.md,PROCEDURA_TEMATYCZNA_I_ODCZYT_JEDNOSTKI
9,4,TEKST_W_TJ,mod-PrUpad-wniosek-ogloszenie.md,PROCEDURA_TEMATYCZNA_I_ODCZYT_JEDNOSTKI
9a,4,TEKST_W_TJ,mod-PrUpad-wniosek-ogloszenie.md,PROCEDURA_TEMATYCZNA_I_ODCZYT_JEDNOSTKI
9b,5,TEKST_W_TJ,mod-PrUpad-wniosek-ogloszenie.md,PROCEDURA_TEMATYCZNA_I_ODCZYT_JEDNOSTKI
10,5,TEKST_W_TJ,mod-PrUpad-wniosek-ogloszenie.md,PROCEDURA_TEMATYCZNA_I_ODCZYT_JEDNOSTKI
11,5,TEKST_W_TJ,mod-PrUpad-wniosek-ogloszenie.md,PROCEDURA_TEMATYCZNA_I_ODCZYT_JEDNOSTKI
11a,6,TEKST_W_TJ,mod-PrUpad-wniosek-ogloszenie.md,PROCEDURA_TEMATYCZNA_I_ODCZYT_JEDNOSTKI
12,6,UCHYLONY,mod-PrUpad-wniosek-ogloszenie.md,PROCEDURA_TEMATYCZNA_I_ODCZYT_JEDNOSTKI
12a,6,TEKST_W_TJ,mod-PrUpad-wniosek-ogloszenie.md,PROCEDURA_TEMATYCZNA_I_ODCZYT_JEDNOSTKI
13,6,TEKST_W_TJ,mod-PrUpad-wniosek-ogloszenie.md,PROCEDURA_TEMATYCZNA_I_ODCZYT_JEDNOSTKI
14,7,UCHYLONY,mod-PrUpad-wniosek-ogloszenie.md,PROCEDURA_TEMATYCZNA_I_ODCZYT_JEDNOSTKI
15,7,UCHYLONY,mod-PrUpad-wniosek-ogloszenie.md,PROCEDURA_TEMATYCZNA_I_ODCZYT_JEDNOSTKI
16,7,UCHYLONY,mod-PrUpad-wniosek-ogloszenie.md,PROCEDURA_TEMATYCZNA_I_ODCZYT_JEDNOSTKI
17,7,UCHYLONY,mod-PrUpad-wniosek-ogloszenie.md,PROCEDURA_TEMATYCZNA_I_ODCZYT_JEDNOSTKI
18,7,TEKST_W_TJ,mod-PrUpad-wniosek-ogloszenie.md,PROCEDURA_TEMATYCZNA_I_ODCZYT_JEDNOSTKI
19,7,TEKST_W_TJ,mod-PrUpad-wniosek-ogloszenie.md,PROCEDURA_TEMATYCZNA_I_ODCZYT_JEDNOSTKI
20,8,TEKST_W_TJ,mod-PrUpad-wniosek-ogloszenie.md,PROCEDURA_TEMATYCZNA_I_ODCZYT_JEDNOSTKI
21,8,TEKST_W_TJ,mod-PrUpad-wniosek-ogloszenie.md,PROCEDURA_TEMATYCZNA_I_ODCZYT_JEDNOSTKI
22,8,TEKST_W_TJ,mod-PrUpad-wniosek-ogloszenie.md,PROCEDURA_TEMATYCZNA_I_ODCZYT_JEDNOSTKI
22a,9,TEKST_W_TJ,mod-PrUpad-wniosek-ogloszenie.md,PROCEDURA_TEMATYCZNA_I_ODCZYT_JEDNOSTKI
23,9,TEKST_W_TJ,mod-PrUpad-wniosek-ogloszenie.md,PROCEDURA_TEMATYCZNA_I_ODCZYT_JEDNOSTKI
24,10,TEKST_W_TJ,mod-PrUpad-wniosek-ogloszenie.md,PROCEDURA_TEMATYCZNA_I_ODCZYT_JEDNOSTKI
24a,10,UCHYLONY,mod-PrUpad-wniosek-ogloszenie.md,PROCEDURA_TEMATYCZNA_I_ODCZYT_JEDNOSTKI
25,10,TEKST_W_TJ,mod-PrUpad-wniosek-ogloszenie.md,PROCEDURA_TEMATYCZNA_I_ODCZYT_JEDNOSTKI
25a,10,TEKST_W_TJ,mod-PrUpad-wniosek-ogloszenie.md,PROCEDURA_TEMATYCZNA_I_ODCZYT_JEDNOSTKI
26,10,TEKST_W_TJ,mod-PrUpad-wniosek-ogloszenie.md,PROCEDURA_TEMATYCZNA_I_ODCZYT_JEDNOSTKI
26^1,10,TEKST_W_TJ,mod-PrUpad-wniosek-ogloszenie.md,PROCEDURA_TEMATYCZNA_I_ODCZYT_JEDNOSTKI
27,10,TEKST_W_TJ,mod-PrUpad-wniosek-ogloszenie.md,PROCEDURA_TEMATYCZNA_I_ODCZYT_JEDNOSTKI
28,10,UCHYLONY,mod-PrUpad-wniosek-ogloszenie.md,PROCEDURA_TEMATYCZNA_I_ODCZYT_JEDNOSTKI
29,11,TEKST_W_TJ,mod-PrUpad-wniosek-ogloszenie.md,PROCEDURA_TEMATYCZNA_I_ODCZYT_JEDNOSTKI
29a,11,TEKST_W_TJ,mod-PrUpad-wniosek-ogloszenie.md,PROCEDURA_TEMATYCZNA_I_ODCZYT_JEDNOSTKI
30,11,TEKST_W_TJ,mod-PrUpad-wniosek-ogloszenie.md,PROCEDURA_TEMATYCZNA_I_ODCZYT_JEDNOSTKI
30a,11,TEKST_W_TJ,mod-PrUpad-wniosek-ogloszenie.md,PROCEDURA_TEMATYCZNA_I_ODCZYT_JEDNOSTKI
31,11,UCHYLONY,mod-PrUpad-wniosek-ogloszenie.md,PROCEDURA_TEMATYCZNA_I_ODCZYT_JEDNOSTKI
32,11,TEKST_W_TJ,mod-PrUpad-wniosek-ogloszenie.md,PROCEDURA_TEMATYCZNA_I_ODCZYT_JEDNOSTKI
33,11,TEKST_W_TJ,mod-PrUpad-wniosek-ogloszenie.md,PROCEDURA_TEMATYCZNA_I_ODCZYT_JEDNOSTKI
34,11,TEKST_W_TJ,mod-PrUpad-wniosek-ogloszenie.md,PROCEDURA_TEMATYCZNA_I_ODCZYT_JEDNOSTKI
35,12,TEKST_W_TJ,mod-PrUpad-wniosek-ogloszenie.md,PROCEDURA_TEMATYCZNA_I_ODCZYT_JEDNOSTKI
36,12,TEKST_W_TJ,mod-PrUpad-wniosek-ogloszenie.md,PROCEDURA_TEMATYCZNA_I_ODCZYT_JEDNOSTKI
37,12,TEKST_W_TJ,mod-PrUpad-wniosek-ogloszenie.md,PROCEDURA_TEMATYCZNA_I_ODCZYT_JEDNOSTKI
38,12,TEKST_W_TJ,mod-PrUpad-wniosek-ogloszenie.md,PROCEDURA_TEMATYCZNA_I_ODCZYT_JEDNOSTKI
38a,12,TEKST_W_TJ,mod-PrUpad-wniosek-ogloszenie.md,PROCEDURA_TEMATYCZNA_I_ODCZYT_JEDNOSTKI
39,12,TEKST_W_TJ,mod-PrUpad-wniosek-ogloszenie.md,PROCEDURA_TEMATYCZNA_I_ODCZYT_JEDNOSTKI
40,13,TEKST_W_TJ,mod-PrUpad-wniosek-ogloszenie.md,PROCEDURA_TEMATYCZNA_I_ODCZYT_JEDNOSTKI
41,13,UCHYLONY,mod-PrUpad-wniosek-ogloszenie.md,PROCEDURA_TEMATYCZNA_I_ODCZYT_JEDNOSTKI
42,13,UCHYLONY,mod-PrUpad-wniosek-ogloszenie.md,PROCEDURA_TEMATYCZNA_I_ODCZYT_JEDNOSTKI
43,13,TEKST_W_TJ,mod-PrUpad-wniosek-ogloszenie.md,PROCEDURA_TEMATYCZNA_I_ODCZYT_JEDNOSTKI
51,13,TEKST_W_TJ,mod-PrUpad-wniosek-ogloszenie.md,PROCEDURA_TEMATYCZNA_I_ODCZYT_JEDNOSTKI
52,14,TEKST_W_TJ,mod-PrUpad-wniosek-ogloszenie.md,PROCEDURA_TEMATYCZNA_I_ODCZYT_JEDNOSTKI
53,14,TEKST_W_TJ,mod-PrUpad-wniosek-ogloszenie.md,PROCEDURA_TEMATYCZNA_I_ODCZYT_JEDNOSTKI
54,14,TEKST_W_TJ,mod-PrUpad-wniosek-ogloszenie.md,PROCEDURA_TEMATYCZNA_I_ODCZYT_JEDNOSTKI
54a,14,TEKST_W_TJ,mod-PrUpad-wniosek-ogloszenie.md,PROCEDURA_TEMATYCZNA_I_ODCZYT_JEDNOSTKI
54b,14,TEKST_W_TJ,mod-PrUpad-wniosek-ogloszenie.md,PROCEDURA_TEMATYCZNA_I_ODCZYT_JEDNOSTKI
55,14,UCHYLONY,mod-PrUpad-wniosek-ogloszenie.md,PROCEDURA_TEMATYCZNA_I_ODCZYT_JEDNOSTKI
56,14,UCHYLONY,mod-PrUpad-wniosek-ogloszenie.md,PROCEDURA_TEMATYCZNA_I_ODCZYT_JEDNOSTKI
56a,15,TEKST_W_TJ,mod-PrUpad-wniosek-ogloszenie.md,PROCEDURA_TEMATYCZNA_I_ODCZYT_JEDNOSTKI
56aa,15,TEKST_W_TJ,mod-PrUpad-wniosek-ogloszenie.md,PROCEDURA_TEMATYCZNA_I_ODCZYT_JEDNOSTKI
56ab,15,TEKST_W_TJ,mod-PrUpad-wniosek-ogloszenie.md,PROCEDURA_TEMATYCZNA_I_ODCZYT_JEDNOSTKI
56b,15,TEKST_W_TJ,mod-PrUpad-wniosek-ogloszenie.md,PROCEDURA_TEMATYCZNA_I_ODCZYT_JEDNOSTKI
56c,16,TEKST_W_TJ,mod-PrUpad-wniosek-ogloszenie.md,PROCEDURA_TEMATYCZNA_I_ODCZYT_JEDNOSTKI
56ca,16,TEKST_W_TJ,mod-PrUpad-wniosek-ogloszenie.md,PROCEDURA_TEMATYCZNA_I_ODCZYT_JEDNOSTKI
56d,16,TEKST_W_TJ,mod-PrUpad-wniosek-ogloszenie.md,PROCEDURA_TEMATYCZNA_I_ODCZYT_JEDNOSTKI
56e,16,TEKST_W_TJ,mod-PrUpad-wniosek-ogloszenie.md,PROCEDURA_TEMATYCZNA_I_ODCZYT_JEDNOSTKI
56f,17,TEKST_W_TJ,mod-PrUpad-wniosek-ogloszenie.md,PROCEDURA_TEMATYCZNA_I_ODCZYT_JEDNOSTKI
56g,17,TEKST_W_TJ,mod-PrUpad-wniosek-ogloszenie.md,PROCEDURA_TEMATYCZNA_I_ODCZYT_JEDNOSTKI
56h,17,TEKST_W_TJ,mod-PrUpad-wniosek-ogloszenie.md,PROCEDURA_TEMATYCZNA_I_ODCZYT_JEDNOSTKI
57,17,TEKST_W_TJ,mod-PrUpad-skutki-masa-bezskutecznosc.md,PROCEDURA_TEMATYCZNA_I_ODCZYT_JEDNOSTKI
58,18,TEKST_W_TJ,mod-PrUpad-skutki-masa-bezskutecznosc.md,PROCEDURA_TEMATYCZNA_I_ODCZYT_JEDNOSTKI
59,18,UCHYLONY,mod-PrUpad-skutki-masa-bezskutecznosc.md,PROCEDURA_TEMATYCZNA_I_ODCZYT_JEDNOSTKI
60,18,UCHYLONY,mod-PrUpad-skutki-masa-bezskutecznosc.md,PROCEDURA_TEMATYCZNA_I_ODCZYT_JEDNOSTKI
60^1,18,TEKST_W_TJ,mod-PrUpad-skutki-masa-bezskutecznosc.md,PROCEDURA_TEMATYCZNA_I_ODCZYT_JEDNOSTKI
61,18,TEKST_W_TJ,mod-PrUpad-skutki-masa-bezskutecznosc.md,PROCEDURA_TEMATYCZNA_I_ODCZYT_JEDNOSTKI
62,18,TEKST_W_TJ,mod-PrUpad-skutki-masa-bezskutecznosc.md,PROCEDURA_TEMATYCZNA_I_ODCZYT_JEDNOSTKI
63,18,TEKST_W_TJ,mod-PrUpad-skutki-masa-bezskutecznosc.md,PROCEDURA_TEMATYCZNA_I_ODCZYT_JEDNOSTKI
63a,19,TEKST_W_TJ,mod-PrUpad-skutki-masa-bezskutecznosc.md,PROCEDURA_TEMATYCZNA_I_ODCZYT_JEDNOSTKI
64,19,TEKST_W_TJ,mod-PrUpad-skutki-masa-bezskutecznosc.md,PROCEDURA_TEMATYCZNA_I_ODCZYT_JEDNOSTKI
65,19,UCHYLONY,mod-PrUpad-skutki-masa-bezskutecznosc.md,PROCEDURA_TEMATYCZNA_I_ODCZYT_JEDNOSTKI
65a,19,TEKST_W_TJ,mod-PrUpad-skutki-masa-bezskutecznosc.md,PROCEDURA_TEMATYCZNA_I_ODCZYT_JEDNOSTKI
66,19,TEKST_W_TJ,mod-PrUpad-skutki-masa-bezskutecznosc.md,PROCEDURA_TEMATYCZNA_I_ODCZYT_JEDNOSTKI
67,19,TEKST_W_TJ,mod-PrUpad-skutki-masa-bezskutecznosc.md,PROCEDURA_TEMATYCZNA_I_ODCZYT_JEDNOSTKI
67a,20,TEKST_W_TJ,mod-PrUpad-skutki-masa-bezskutecznosc.md,PROCEDURA_TEMATYCZNA_I_ODCZYT_JEDNOSTKI
68,20,UCHYLONY,mod-PrUpad-skutki-masa-bezskutecznosc.md,PROCEDURA_TEMATYCZNA_I_ODCZYT_JEDNOSTKI
69,20,TEKST_W_TJ,mod-PrUpad-skutki-masa-bezskutecznosc.md,PROCEDURA_TEMATYCZNA_I_ODCZYT_JEDNOSTKI
70,21,TEKST_W_TJ,mod-PrUpad-skutki-masa-bezskutecznosc.md,PROCEDURA_TEMATYCZNA_I_ODCZYT_JEDNOSTKI
70^1,21,TEKST_W_TJ,mod-PrUpad-skutki-masa-bezskutecznosc.md,PROCEDURA_TEMATYCZNA_I_ODCZYT_JEDNOSTKI
71,21,TEKST_W_TJ,mod-PrUpad-skutki-masa-bezskutecznosc.md,PROCEDURA_TEMATYCZNA_I_ODCZYT_JEDNOSTKI
72,21,TEKST_W_TJ,mod-PrUpad-skutki-masa-bezskutecznosc.md,PROCEDURA_TEMATYCZNA_I_ODCZYT_JEDNOSTKI
73,21,TEKST_W_TJ,mod-PrUpad-skutki-masa-bezskutecznosc.md,PROCEDURA_TEMATYCZNA_I_ODCZYT_JEDNOSTKI
74,21,TEKST_W_TJ,mod-PrUpad-skutki-masa-bezskutecznosc.md,PROCEDURA_TEMATYCZNA_I_ODCZYT_JEDNOSTKI
75,21,TEKST_W_TJ,mod-PrUpad-skutki-masa-bezskutecznosc.md,PROCEDURA_TEMATYCZNA_I_ODCZYT_JEDNOSTKI
76,22,UCHYLONY,mod-PrUpad-skutki-masa-bezskutecznosc.md,PROCEDURA_TEMATYCZNA_I_ODCZYT_JEDNOSTKI
77,22,TEKST_W_TJ,mod-PrUpad-skutki-masa-bezskutecznosc.md,PROCEDURA_TEMATYCZNA_I_ODCZYT_JEDNOSTKI
78,22,TEKST_W_TJ,mod-PrUpad-skutki-masa-bezskutecznosc.md,PROCEDURA_TEMATYCZNA_I_ODCZYT_JEDNOSTKI
79,22,TEKST_W_TJ,mod-PrUpad-skutki-masa-bezskutecznosc.md,PROCEDURA_TEMATYCZNA_I_ODCZYT_JEDNOSTKI
80,22,TEKST_W_TJ,mod-PrUpad-skutki-masa-bezskutecznosc.md,PROCEDURA_TEMATYCZNA_I_ODCZYT_JEDNOSTKI
81,22,TEKST_W_TJ,mod-PrUpad-skutki-masa-bezskutecznosc.md,PROCEDURA_TEMATYCZNA_I_ODCZYT_JEDNOSTKI
82,22,TEKST_W_TJ,mod-PrUpad-skutki-masa-bezskutecznosc.md,PROCEDURA_TEMATYCZNA_I_ODCZYT_JEDNOSTKI
83,23,TEKST_W_TJ,mod-PrUpad-skutki-masa-bezskutecznosc.md,PROCEDURA_TEMATYCZNA_I_ODCZYT_JEDNOSTKI
84,23,TEKST_W_TJ,mod-PrUpad-skutki-masa-bezskutecznosc.md,PROCEDURA_TEMATYCZNA_I_ODCZYT_JEDNOSTKI
85,23,TEKST_W_TJ,mod-PrUpad-skutki-masa-bezskutecznosc.md,PROCEDURA_TEMATYCZNA_I_ODCZYT_JEDNOSTKI
85a,23,TEKST_W_TJ,mod-PrUpad-skutki-masa-bezskutecznosc.md,PROCEDURA_TEMATYCZNA_I_ODCZYT_JEDNOSTKI
86,23,TEKST_W_TJ,mod-PrUpad-skutki-masa-bezskutecznosc.md,PROCEDURA_TEMATYCZNA_I_ODCZYT_JEDNOSTKI
87,23,UCHYLONY,mod-PrUpad-skutki-masa-bezskutecznosc.md,PROCEDURA_TEMATYCZNA_I_ODCZYT_JEDNOSTKI
88,23,UCHYLONY,mod-PrUpad-skutki-masa-bezskutecznosc.md,PROCEDURA_TEMATYCZNA_I_ODCZYT_JEDNOSTKI
89,23,UCHYLONY,mod-PrUpad-skutki-masa-bezskutecznosc.md,PROCEDURA_TEMATYCZNA_I_ODCZYT_JEDNOSTKI
90,23,UCHYLONY,mod-PrUpad-skutki-masa-bezskutecznosc.md,PROCEDURA_TEMATYCZNA_I_ODCZYT_JEDNOSTKI
91,24,TEKST_W_TJ,mod-PrUpad-skutki-masa-bezskutecznosc.md,PROCEDURA_TEMATYCZNA_I_ODCZYT_JEDNOSTKI
92,24,TEKST_W_TJ,mod-PrUpad-skutki-masa-bezskutecznosc.md,PROCEDURA_TEMATYCZNA_I_ODCZYT_JEDNOSTKI
93,24,TEKST_W_TJ,mod-PrUpad-skutki-masa-bezskutecznosc.md,PROCEDURA_TEMATYCZNA_I_ODCZYT_JEDNOSTKI
94,24,TEKST_W_TJ,mod-PrUpad-skutki-masa-bezskutecznosc.md,PROCEDURA_TEMATYCZNA_I_ODCZYT_JEDNOSTKI
95,24,TEKST_W_TJ,mod-PrUpad-skutki-masa-bezskutecznosc.md,PROCEDURA_TEMATYCZNA_I_ODCZYT_JEDNOSTKI
96,24,TEKST_W_TJ,mod-PrUpad-skutki-masa-bezskutecznosc.md,PROCEDURA_TEMATYCZNA_I_ODCZYT_JEDNOSTKI
97,24,TEKST_W_TJ,mod-PrUpad-skutki-masa-bezskutecznosc.md,PROCEDURA_TEMATYCZNA_I_ODCZYT_JEDNOSTKI
98,24,TEKST_W_TJ,mod-PrUpad-skutki-masa-bezskutecznosc.md,PROCEDURA_TEMATYCZNA_I_ODCZYT_JEDNOSTKI
99,24,TEKST_W_TJ,mod-PrUpad-skutki-masa-bezskutecznosc.md,PROCEDURA_TEMATYCZNA_I_ODCZYT_JEDNOSTKI
100,25,TEKST_W_TJ,mod-PrUpad-skutki-masa-bezskutecznosc.md,PROCEDURA_TEMATYCZNA_I_ODCZYT_JEDNOSTKI
101,25,TEKST_W_TJ,mod-PrUpad-skutki-masa-bezskutecznosc.md,PROCEDURA_TEMATYCZNA_I_ODCZYT_JEDNOSTKI
102,25,TEKST_W_TJ,mod-PrUpad-skutki-masa-bezskutecznosc.md,PROCEDURA_TEMATYCZNA_I_ODCZYT_JEDNOSTKI
103,25,TEKST_W_TJ,mod-PrUpad-skutki-masa-bezskutecznosc.md,PROCEDURA_TEMATYCZNA_I_ODCZYT_JEDNOSTKI
104,25,TEKST_W_TJ,mod-PrUpad-skutki-masa-bezskutecznosc.md,PROCEDURA_TEMATYCZNA_I_ODCZYT_JEDNOSTKI
105,25,TEKST_W_TJ,mod-PrUpad-skutki-masa-bezskutecznosc.md,PROCEDURA_TEMATYCZNA_I_ODCZYT_JEDNOSTKI
106,25,TEKST_W_TJ,mod-PrUpad-skutki-masa-bezskutecznosc.md,PROCEDURA_TEMATYCZNA_I_ODCZYT_JEDNOSTKI
107,25,TEKST_W_TJ,mod-PrUpad-skutki-masa-bezskutecznosc.md,PROCEDURA_TEMATYCZNA_I_ODCZYT_JEDNOSTKI
108,25,TEKST_W_TJ,mod-PrUpad-skutki-masa-bezskutecznosc.md,PROCEDURA_TEMATYCZNA_I_ODCZYT_JEDNOSTKI
109,25,TEKST_W_TJ,mod-PrUpad-skutki-masa-bezskutecznosc.md,PROCEDURA_TEMATYCZNA_I_ODCZYT_JEDNOSTKI
110,25,TEKST_W_TJ,mod-PrUpad-skutki-masa-bezskutecznosc.md,PROCEDURA_TEMATYCZNA_I_ODCZYT_JEDNOSTKI
110a,26,TEKST_W_TJ,mod-PrUpad-skutki-masa-bezskutecznosc.md,PROCEDURA_TEMATYCZNA_I_ODCZYT_JEDNOSTKI
111,26,TEKST_W_TJ,mod-PrUpad-skutki-masa-bezskutecznosc.md,PROCEDURA_TEMATYCZNA_I_ODCZYT_JEDNOSTKI
112,26,TEKST_W_TJ,mod-PrUpad-skutki-masa-bezskutecznosc.md,PROCEDURA_TEMATYCZNA_I_ODCZYT_JEDNOSTKI
113,26,TEKST_W_TJ,mod-PrUpad-skutki-masa-bezskutecznosc.md,PROCEDURA_TEMATYCZNA_I_ODCZYT_JEDNOSTKI
114,26,TEKST_W_TJ,mod-PrUpad-skutki-masa-bezskutecznosc.md,PROCEDURA_TEMATYCZNA_I_ODCZYT_JEDNOSTKI
115,26,TEKST_W_TJ,mod-PrUpad-skutki-masa-bezskutecznosc.md,PROCEDURA_TEMATYCZNA_I_ODCZYT_JEDNOSTKI
116,26,TEKST_W_TJ,mod-PrUpad-skutki-masa-bezskutecznosc.md,PROCEDURA_TEMATYCZNA_I_ODCZYT_JEDNOSTKI
117,26,UCHYLONY,mod-PrUpad-skutki-masa-bezskutecznosc.md,PROCEDURA_TEMATYCZNA_I_ODCZYT_JEDNOSTKI
118,26,UCHYLONY,mod-PrUpad-skutki-masa-bezskutecznosc.md,PROCEDURA_TEMATYCZNA_I_ODCZYT_JEDNOSTKI
119,27,TEKST_W_TJ,mod-PrUpad-skutki-masa-bezskutecznosc.md,PROCEDURA_TEMATYCZNA_I_ODCZYT_JEDNOSTKI
120,27,TEKST_W_TJ,mod-PrUpad-skutki-masa-bezskutecznosc.md,PROCEDURA_TEMATYCZNA_I_ODCZYT_JEDNOSTKI
121,27,TEKST_W_TJ,mod-PrUpad-skutki-masa-bezskutecznosc.md,PROCEDURA_TEMATYCZNA_I_ODCZYT_JEDNOSTKI
122,27,TEKST_W_TJ,mod-PrUpad-skutki-masa-bezskutecznosc.md,PROCEDURA_TEMATYCZNA_I_ODCZYT_JEDNOSTKI
123,27,TEKST_W_TJ,mod-PrUpad-skutki-masa-bezskutecznosc.md,PROCEDURA_TEMATYCZNA_I_ODCZYT_JEDNOSTKI
124,27,TEKST_W_TJ,mod-PrUpad-skutki-masa-bezskutecznosc.md,PROCEDURA_TEMATYCZNA_I_ODCZYT_JEDNOSTKI
125,27,TEKST_W_TJ,mod-PrUpad-skutki-masa-bezskutecznosc.md,PROCEDURA_TEMATYCZNA_I_ODCZYT_JEDNOSTKI
126,28,TEKST_W_TJ,mod-PrUpad-skutki-masa-bezskutecznosc.md,PROCEDURA_TEMATYCZNA_I_ODCZYT_JEDNOSTKI
127,28,TEKST_W_TJ,mod-PrUpad-skutki-masa-bezskutecznosc.md,PROCEDURA_TEMATYCZNA_I_ODCZYT_JEDNOSTKI
128,28,TEKST_W_TJ,mod-PrUpad-skutki-masa-bezskutecznosc.md,PROCEDURA_TEMATYCZNA_I_ODCZYT_JEDNOSTKI
128a,28,TEKST_W_TJ,mod-PrUpad-skutki-masa-bezskutecznosc.md,PROCEDURA_TEMATYCZNA_I_ODCZYT_JEDNOSTKI
129,28,TEKST_W_TJ,mod-PrUpad-skutki-masa-bezskutecznosc.md,PROCEDURA_TEMATYCZNA_I_ODCZYT_JEDNOSTKI
130,29,TEKST_W_TJ,mod-PrUpad-skutki-masa-bezskutecznosc.md,PROCEDURA_TEMATYCZNA_I_ODCZYT_JEDNOSTKI
130a,29,TEKST_W_TJ,mod-PrUpad-skutki-masa-bezskutecznosc.md,PROCEDURA_TEMATYCZNA_I_ODCZYT_JEDNOSTKI
131,29,TEKST_W_TJ,mod-PrUpad-skutki-masa-bezskutecznosc.md,PROCEDURA_TEMATYCZNA_I_ODCZYT_JEDNOSTKI
131a,29,TEKST_W_TJ,mod-PrUpad-skutki-masa-bezskutecznosc.md,PROCEDURA_TEMATYCZNA_I_ODCZYT_JEDNOSTKI
132,29,TEKST_W_TJ,mod-PrUpad-skutki-masa-bezskutecznosc.md,PROCEDURA_TEMATYCZNA_I_ODCZYT_JEDNOSTKI
133,29,TEKST_W_TJ,mod-PrUpad-skutki-masa-bezskutecznosc.md,PROCEDURA_TEMATYCZNA_I_ODCZYT_JEDNOSTKI
134,29,TEKST_W_TJ,mod-PrUpad-skutki-masa-bezskutecznosc.md,PROCEDURA_TEMATYCZNA_I_ODCZYT_JEDNOSTKI
135,30,TEKST_W_TJ,mod-PrUpad-skutki-masa-bezskutecznosc.md,PROCEDURA_TEMATYCZNA_I_ODCZYT_JEDNOSTKI
136,30,TEKST_W_TJ,mod-PrUpad-skutki-masa-bezskutecznosc.md,PROCEDURA_TEMATYCZNA_I_ODCZYT_JEDNOSTKI
137,30,TEKST_W_TJ,mod-PrUpad-skutki-masa-bezskutecznosc.md,PROCEDURA_TEMATYCZNA_I_ODCZYT_JEDNOSTKI
144,30,TEKST_W_TJ,mod-PrUpad-skutki-masa-bezskutecznosc.md,PROCEDURA_TEMATYCZNA_I_ODCZYT_JEDNOSTKI
145,30,TEKST_W_TJ,mod-PrUpad-skutki-masa-bezskutecznosc.md,PROCEDURA_TEMATYCZNA_I_ODCZYT_JEDNOSTKI
146,31,TEKST_W_TJ,mod-PrUpad-skutki-masa-bezskutecznosc.md,PROCEDURA_TEMATYCZNA_I_ODCZYT_JEDNOSTKI
147,31,TEKST_W_TJ,mod-PrUpad-skutki-masa-bezskutecznosc.md,PROCEDURA_TEMATYCZNA_I_ODCZYT_JEDNOSTKI
147a,31,TEKST_W_TJ,mod-PrUpad-skutki-masa-bezskutecznosc.md,PROCEDURA_TEMATYCZNA_I_ODCZYT_JEDNOSTKI
148,31,UCHYLONY,mod-PrUpad-skutki-masa-bezskutecznosc.md,PROCEDURA_TEMATYCZNA_I_ODCZYT_JEDNOSTKI
149,31,TEKST_W_TJ,mod-PrUpad-organy-procedura.md,PROCEDURA_TEMATYCZNA_I_ODCZYT_JEDNOSTKI
150,31,TEKST_W_TJ,mod-PrUpad-organy-procedura.md,PROCEDURA_TEMATYCZNA_I_ODCZYT_JEDNOSTKI
151,32,TEKST_W_TJ,mod-PrUpad-organy-procedura.md,PROCEDURA_TEMATYCZNA_I_ODCZYT_JEDNOSTKI
152,32,TEKST_W_TJ,mod-PrUpad-organy-procedura.md,PROCEDURA_TEMATYCZNA_I_ODCZYT_JEDNOSTKI
153,32,TEKST_W_TJ,mod-PrUpad-organy-procedura.md,PROCEDURA_TEMATYCZNA_I_ODCZYT_JEDNOSTKI
154,32,TEKST_W_TJ,mod-PrUpad-organy-procedura.md,PROCEDURA_TEMATYCZNA_I_ODCZYT_JEDNOSTKI
155,32,TEKST_W_TJ,mod-PrUpad-organy-procedura.md,PROCEDURA_TEMATYCZNA_I_ODCZYT_JEDNOSTKI
156,33,TEKST_W_TJ,mod-PrUpad-syndyk-likwidacja.md,PROCEDURA_TEMATYCZNA_I_ODCZYT_JEDNOSTKI
156^1,33,UCHYLONY,mod-PrUpad-syndyk-likwidacja.md,PROCEDURA_TEMATYCZNA_I_ODCZYT_JEDNOSTKI
157,33,TEKST_W_TJ,mod-PrUpad-syndyk-likwidacja.md,PROCEDURA_TEMATYCZNA_I_ODCZYT_JEDNOSTKI
157^1,33,TEKST_W_TJ,mod-PrUpad-syndyk-likwidacja.md,PROCEDURA_TEMATYCZNA_I_ODCZYT_JEDNOSTKI
157a,34,TEKST_W_TJ,mod-PrUpad-syndyk-likwidacja.md,PROCEDURA_TEMATYCZNA_I_ODCZYT_JEDNOSTKI
158,34,UCHYLONY,mod-PrUpad-syndyk-likwidacja.md,PROCEDURA_TEMATYCZNA_I_ODCZYT_JEDNOSTKI
159,34,TEKST_W_TJ,mod-PrUpad-syndyk-likwidacja.md,PROCEDURA_TEMATYCZNA_I_ODCZYT_JEDNOSTKI
160,34,TEKST_W_TJ,mod-PrUpad-syndyk-likwidacja.md,PROCEDURA_TEMATYCZNA_I_ODCZYT_JEDNOSTKI
160a,34,TEKST_W_TJ,mod-PrUpad-syndyk-likwidacja.md,PROCEDURA_TEMATYCZNA_I_ODCZYT_JEDNOSTKI
161,34,TEKST_W_TJ,mod-PrUpad-syndyk-likwidacja.md,PROCEDURA_TEMATYCZNA_I_ODCZYT_JEDNOSTKI
162,34,TEKST_W_TJ,mod-PrUpad-syndyk-likwidacja.md,PROCEDURA_TEMATYCZNA_I_ODCZYT_JEDNOSTKI
163,36,TEKST_W_TJ,mod-PrUpad-syndyk-likwidacja.md,PROCEDURA_TEMATYCZNA_I_ODCZYT_JEDNOSTKI
164,36,TEKST_W_TJ,mod-PrUpad-syndyk-likwidacja.md,PROCEDURA_TEMATYCZNA_I_ODCZYT_JEDNOSTKI
165,36,TEKST_W_TJ,mod-PrUpad-syndyk-likwidacja.md,PROCEDURA_TEMATYCZNA_I_ODCZYT_JEDNOSTKI
166,36,TEKST_W_TJ,mod-PrUpad-syndyk-likwidacja.md,PROCEDURA_TEMATYCZNA_I_ODCZYT_JEDNOSTKI
167,37,TEKST_W_TJ,mod-PrUpad-syndyk-likwidacja.md,PROCEDURA_TEMATYCZNA_I_ODCZYT_JEDNOSTKI
167a,37,TEKST_W_TJ,mod-PrUpad-syndyk-likwidacja.md,PROCEDURA_TEMATYCZNA_I_ODCZYT_JEDNOSTKI
167b,37,TEKST_W_TJ,mod-PrUpad-syndyk-likwidacja.md,PROCEDURA_TEMATYCZNA_I_ODCZYT_JEDNOSTKI
168,37,TEKST_W_TJ,mod-PrUpad-syndyk-likwidacja.md,PROCEDURA_TEMATYCZNA_I_ODCZYT_JEDNOSTKI
169,38,TEKST_W_TJ,mod-PrUpad-syndyk-likwidacja.md,PROCEDURA_TEMATYCZNA_I_ODCZYT_JEDNOSTKI
169a,38,TEKST_W_TJ,mod-PrUpad-syndyk-likwidacja.md,PROCEDURA_TEMATYCZNA_I_ODCZYT_JEDNOSTKI
170,38,TEKST_W_TJ,mod-PrUpad-syndyk-likwidacja.md,PROCEDURA_TEMATYCZNA_I_ODCZYT_JEDNOSTKI
171,39,TEKST_W_TJ,mod-PrUpad-syndyk-likwidacja.md,PROCEDURA_TEMATYCZNA_I_ODCZYT_JEDNOSTKI
172,39,TEKST_W_TJ,mod-PrUpad-syndyk-likwidacja.md,PROCEDURA_TEMATYCZNA_I_ODCZYT_JEDNOSTKI
173,39,TEKST_W_TJ,mod-PrUpad-syndyk-likwidacja.md,PROCEDURA_TEMATYCZNA_I_ODCZYT_JEDNOSTKI
174,39,TEKST_W_TJ,mod-PrUpad-syndyk-likwidacja.md,PROCEDURA_TEMATYCZNA_I_ODCZYT_JEDNOSTKI
175,39,TEKST_W_TJ,mod-PrUpad-syndyk-likwidacja.md,PROCEDURA_TEMATYCZNA_I_ODCZYT_JEDNOSTKI
176,39,TEKST_W_TJ,mod-PrUpad-syndyk-likwidacja.md,PROCEDURA_TEMATYCZNA_I_ODCZYT_JEDNOSTKI
177,40,TEKST_W_TJ,mod-PrUpad-syndyk-likwidacja.md,PROCEDURA_TEMATYCZNA_I_ODCZYT_JEDNOSTKI
178,40,TEKST_W_TJ,mod-PrUpad-syndyk-likwidacja.md,PROCEDURA_TEMATYCZNA_I_ODCZYT_JEDNOSTKI
179,40,TEKST_W_TJ,mod-PrUpad-organy-procedura.md,PROCEDURA_TEMATYCZNA_I_ODCZYT_JEDNOSTKI
185,40,TEKST_W_TJ,mod-PrUpad-organy-procedura.md,PROCEDURA_TEMATYCZNA_I_ODCZYT_JEDNOSTKI
186,41,TEKST_W_TJ,mod-PrUpad-organy-procedura.md,PROCEDURA_TEMATYCZNA_I_ODCZYT_JEDNOSTKI
187,41,TEKST_W_TJ,mod-PrUpad-organy-procedura.md,PROCEDURA_TEMATYCZNA_I_ODCZYT_JEDNOSTKI
188,41,TEKST_W_TJ,mod-PrUpad-organy-procedura.md,PROCEDURA_TEMATYCZNA_I_ODCZYT_JEDNOSTKI
189,41,TEKST_W_TJ,mod-PrUpad-organy-procedura.md,PROCEDURA_TEMATYCZNA_I_ODCZYT_JEDNOSTKI
190,41,TEKST_W_TJ,mod-PrUpad-organy-procedura.md,PROCEDURA_TEMATYCZNA_I_ODCZYT_JEDNOSTKI
191,41,TEKST_W_TJ,mod-PrUpad-organy-procedura.md,PROCEDURA_TEMATYCZNA_I_ODCZYT_JEDNOSTKI
192,42,TEKST_W_TJ,mod-PrUpad-organy-procedura.md,PROCEDURA_TEMATYCZNA_I_ODCZYT_JEDNOSTKI
193,42,TEKST_W_TJ,mod-PrUpad-organy-procedura.md,PROCEDURA_TEMATYCZNA_I_ODCZYT_JEDNOSTKI
194,42,TEKST_W_TJ,mod-PrUpad-organy-procedura.md,PROCEDURA_TEMATYCZNA_I_ODCZYT_JEDNOSTKI
195,42,TEKST_W_TJ,mod-PrUpad-organy-procedura.md,PROCEDURA_TEMATYCZNA_I_ODCZYT_JEDNOSTKI
196,42,TEKST_W_TJ,mod-PrUpad-organy-procedura.md,PROCEDURA_TEMATYCZNA_I_ODCZYT_JEDNOSTKI
197,42,TEKST_W_TJ,mod-PrUpad-organy-procedura.md,PROCEDURA_TEMATYCZNA_I_ODCZYT_JEDNOSTKI
198,42,TEKST_W_TJ,mod-PrUpad-organy-procedura.md,PROCEDURA_TEMATYCZNA_I_ODCZYT_JEDNOSTKI
199,42,TEKST_W_TJ,mod-PrUpad-organy-procedura.md,PROCEDURA_TEMATYCZNA_I_ODCZYT_JEDNOSTKI
200,42,TEKST_W_TJ,mod-PrUpad-organy-procedura.md,PROCEDURA_TEMATYCZNA_I_ODCZYT_JEDNOSTKI
201,43,TEKST_W_TJ,mod-PrUpad-organy-procedura.md,PROCEDURA_TEMATYCZNA_I_ODCZYT_JEDNOSTKI
202,43,TEKST_W_TJ,mod-PrUpad-organy-procedura.md,PROCEDURA_TEMATYCZNA_I_ODCZYT_JEDNOSTKI
202a,43,TEKST_W_TJ,mod-PrUpad-organy-procedura.md,PROCEDURA_TEMATYCZNA_I_ODCZYT_JEDNOSTKI
203,44,TEKST_W_TJ,mod-PrUpad-organy-procedura.md,PROCEDURA_TEMATYCZNA_I_ODCZYT_JEDNOSTKI
204,44,TEKST_W_TJ,mod-PrUpad-organy-procedura.md,PROCEDURA_TEMATYCZNA_I_ODCZYT_JEDNOSTKI
205,44,TEKST_W_TJ,mod-PrUpad-organy-procedura.md,PROCEDURA_TEMATYCZNA_I_ODCZYT_JEDNOSTKI
206,44,TEKST_W_TJ,mod-PrUpad-organy-procedura.md,PROCEDURA_TEMATYCZNA_I_ODCZYT_JEDNOSTKI
207,44,TEKST_W_TJ,mod-PrUpad-organy-procedura.md,PROCEDURA_TEMATYCZNA_I_ODCZYT_JEDNOSTKI
207a,45,TEKST_W_TJ,mod-PrUpad-organy-procedura.md,PROCEDURA_TEMATYCZNA_I_ODCZYT_JEDNOSTKI
208,45,TEKST_W_TJ,mod-PrUpad-organy-procedura.md,PROCEDURA_TEMATYCZNA_I_ODCZYT_JEDNOSTKI
209,45,TEKST_W_TJ,mod-PrUpad-organy-procedura.md,PROCEDURA_TEMATYCZNA_I_ODCZYT_JEDNOSTKI
210,45,TEKST_W_TJ,mod-PrUpad-organy-procedura.md,PROCEDURA_TEMATYCZNA_I_ODCZYT_JEDNOSTKI
211,45,TEKST_W_TJ,mod-PrUpad-organy-procedura.md,PROCEDURA_TEMATYCZNA_I_ODCZYT_JEDNOSTKI
212,46,TEKST_W_TJ,mod-PrUpad-organy-procedura.md,PROCEDURA_TEMATYCZNA_I_ODCZYT_JEDNOSTKI
213,46,TEKST_W_TJ,mod-PrUpad-organy-procedura.md,PROCEDURA_TEMATYCZNA_I_ODCZYT_JEDNOSTKI
214,46,TEKST_W_TJ,mod-PrUpad-organy-procedura.md,PROCEDURA_TEMATYCZNA_I_ODCZYT_JEDNOSTKI
215,46,TEKST_W_TJ,mod-PrUpad-organy-procedura.md,PROCEDURA_TEMATYCZNA_I_ODCZYT_JEDNOSTKI
216,46,TEKST_W_TJ,mod-PrUpad-organy-procedura.md,PROCEDURA_TEMATYCZNA_I_ODCZYT_JEDNOSTKI
216a,46,TEKST_W_TJ,mod-PrUpad-organy-procedura.md,PROCEDURA_TEMATYCZNA_I_ODCZYT_JEDNOSTKI
216aa,47,TEKST_W_TJ,mod-PrUpad-organy-procedura.md,PROCEDURA_TEMATYCZNA_I_ODCZYT_JEDNOSTKI
216ab,47,TEKST_W_TJ,mod-PrUpad-organy-procedura.md,PROCEDURA_TEMATYCZNA_I_ODCZYT_JEDNOSTKI
216ac,47,TEKST_W_TJ,mod-PrUpad-organy-procedura.md,PROCEDURA_TEMATYCZNA_I_ODCZYT_JEDNOSTKI
216b,47,TEKST_W_TJ,mod-PrUpad-organy-procedura.md,PROCEDURA_TEMATYCZNA_I_ODCZYT_JEDNOSTKI
217,47,TEKST_W_TJ,mod-PrUpad-organy-procedura.md,PROCEDURA_TEMATYCZNA_I_ODCZYT_JEDNOSTKI
218,47,TEKST_W_TJ,mod-PrUpad-organy-procedura.md,PROCEDURA_TEMATYCZNA_I_ODCZYT_JEDNOSTKI
218a,48,TEKST_W_TJ,mod-PrUpad-organy-procedura.md,PROCEDURA_TEMATYCZNA_I_ODCZYT_JEDNOSTKI
219,48,TEKST_W_TJ,mod-PrUpad-organy-procedura.md,PROCEDURA_TEMATYCZNA_I_ODCZYT_JEDNOSTKI
219a,48,TEKST_W_TJ,mod-PrUpad-organy-procedura.md,PROCEDURA_TEMATYCZNA_I_ODCZYT_JEDNOSTKI
220,49,TEKST_W_TJ,mod-PrUpad-organy-procedura.md,PROCEDURA_TEMATYCZNA_I_ODCZYT_JEDNOSTKI
220a,49,TEKST_W_TJ,mod-PrUpad-organy-procedura.md,PROCEDURA_TEMATYCZNA_I_ODCZYT_JEDNOSTKI
221,49,TEKST_W_TJ,mod-PrUpad-organy-procedura.md,PROCEDURA_TEMATYCZNA_I_ODCZYT_JEDNOSTKI
222,49,TEKST_W_TJ,mod-PrUpad-organy-procedura.md,PROCEDURA_TEMATYCZNA_I_ODCZYT_JEDNOSTKI
223,50,TEKST_W_TJ,mod-PrUpad-organy-procedura.md,PROCEDURA_TEMATYCZNA_I_ODCZYT_JEDNOSTKI
224,50,TEKST_W_TJ,mod-PrUpad-organy-procedura.md,PROCEDURA_TEMATYCZNA_I_ODCZYT_JEDNOSTKI
225,50,TEKST_W_TJ,mod-PrUpad-organy-procedura.md,PROCEDURA_TEMATYCZNA_I_ODCZYT_JEDNOSTKI
226,50,TEKST_W_TJ,mod-PrUpad-organy-procedura.md,PROCEDURA_TEMATYCZNA_I_ODCZYT_JEDNOSTKI
227,50,TEKST_W_TJ,mod-PrUpad-organy-procedura.md,PROCEDURA_TEMATYCZNA_I_ODCZYT_JEDNOSTKI
228,50,TEKST_W_TJ,mod-PrUpad-organy-procedura.md,PROCEDURA_TEMATYCZNA_I_ODCZYT_JEDNOSTKI
228a,50,TEKST_W_TJ,mod-PrUpad-organy-procedura.md,PROCEDURA_TEMATYCZNA_I_ODCZYT_JEDNOSTKI
229,51,TEKST_W_TJ,mod-PrUpad-organy-procedura.md,PROCEDURA_TEMATYCZNA_I_ODCZYT_JEDNOSTKI
230,51,TEKST_W_TJ,mod-PrUpad-organy-procedura.md,PROCEDURA_TEMATYCZNA_I_ODCZYT_JEDNOSTKI
231,51,TEKST_W_TJ,mod-PrUpad-organy-procedura.md,PROCEDURA_TEMATYCZNA_I_ODCZYT_JEDNOSTKI
232,51,TEKST_W_TJ,mod-PrUpad-organy-procedura.md,PROCEDURA_TEMATYCZNA_I_ODCZYT_JEDNOSTKI
233,51,TEKST_W_TJ,mod-PrUpad-organy-procedura.md,PROCEDURA_TEMATYCZNA_I_ODCZYT_JEDNOSTKI
234,52,TEKST_W_TJ,mod-PrUpad-organy-procedura.md,PROCEDURA_TEMATYCZNA_I_ODCZYT_JEDNOSTKI
235,52,TEKST_W_TJ,mod-PrUpad-wierzytelnosci-235-266.md,PROCEDURA_TEMATYCZNA_I_ODCZYT_JEDNOSTKI
236,52,TEKST_W_TJ,mod-PrUpad-wierzytelnosci-235-266.md,PROCEDURA_TEMATYCZNA_I_ODCZYT_JEDNOSTKI
237,52,TEKST_W_TJ,mod-PrUpad-wierzytelnosci-235-266.md,PROCEDURA_TEMATYCZNA_I_ODCZYT_JEDNOSTKI
238,52,TEKST_W_TJ,mod-PrUpad-wierzytelnosci-235-266.md,PROCEDURA_TEMATYCZNA_I_ODCZYT_JEDNOSTKI
239,52,UCHYLONY,mod-PrUpad-wierzytelnosci-235-266.md,PROCEDURA_TEMATYCZNA_I_ODCZYT_JEDNOSTKI
239a,52,TEKST_W_TJ,mod-PrUpad-wierzytelnosci-235-266.md,PROCEDURA_TEMATYCZNA_I_ODCZYT_JEDNOSTKI
240,52,TEKST_W_TJ,mod-PrUpad-wierzytelnosci-235-266.md,PROCEDURA_TEMATYCZNA_I_ODCZYT_JEDNOSTKI
240a,53,TEKST_W_TJ,mod-PrUpad-wierzytelnosci-235-266.md,PROCEDURA_TEMATYCZNA_I_ODCZYT_JEDNOSTKI
241,53,TEKST_W_TJ,mod-PrUpad-wierzytelnosci-235-266.md,PROCEDURA_TEMATYCZNA_I_ODCZYT_JEDNOSTKI
242,53,UCHYLONY,mod-PrUpad-wierzytelnosci-235-266.md,PROCEDURA_TEMATYCZNA_I_ODCZYT_JEDNOSTKI
242a,53,TEKST_W_TJ,mod-PrUpad-wierzytelnosci-235-266.md,PROCEDURA_TEMATYCZNA_I_ODCZYT_JEDNOSTKI
243,53,TEKST_W_TJ,mod-PrUpad-wierzytelnosci-235-266.md,PROCEDURA_TEMATYCZNA_I_ODCZYT_JEDNOSTKI
244,54,TEKST_W_TJ,mod-PrUpad-wierzytelnosci-235-266.md,PROCEDURA_TEMATYCZNA_I_ODCZYT_JEDNOSTKI
245,54,TEKST_W_TJ,mod-PrUpad-wierzytelnosci-235-266.md,PROCEDURA_TEMATYCZNA_I_ODCZYT_JEDNOSTKI
245a,54,TEKST_W_TJ,mod-PrUpad-wierzytelnosci-235-266.md,PROCEDURA_TEMATYCZNA_I_ODCZYT_JEDNOSTKI
246,54,TEKST_W_TJ,mod-PrUpad-wierzytelnosci-235-266.md,PROCEDURA_TEMATYCZNA_I_ODCZYT_JEDNOSTKI
247,54,TEKST_W_TJ,mod-PrUpad-wierzytelnosci-235-266.md,PROCEDURA_TEMATYCZNA_I_ODCZYT_JEDNOSTKI
248,55,TEKST_W_TJ,mod-PrUpad-wierzytelnosci-235-266.md,PROCEDURA_TEMATYCZNA_I_ODCZYT_JEDNOSTKI
249,55,TEKST_W_TJ,mod-PrUpad-wierzytelnosci-235-266.md,PROCEDURA_TEMATYCZNA_I_ODCZYT_JEDNOSTKI
250,55,TEKST_W_TJ,mod-PrUpad-wierzytelnosci-235-266.md,PROCEDURA_TEMATYCZNA_I_ODCZYT_JEDNOSTKI
251,55,TEKST_W_TJ,mod-PrUpad-wierzytelnosci-235-266.md,PROCEDURA_TEMATYCZNA_I_ODCZYT_JEDNOSTKI
252,55,TEKST_W_TJ,mod-PrUpad-wierzytelnosci-235-266.md,PROCEDURA_TEMATYCZNA_I_ODCZYT_JEDNOSTKI
253,55,TEKST_W_TJ,mod-PrUpad-wierzytelnosci-235-266.md,PROCEDURA_TEMATYCZNA_I_ODCZYT_JEDNOSTKI
254,55,TEKST_W_TJ,mod-PrUpad-wierzytelnosci-235-266.md,PROCEDURA_TEMATYCZNA_I_ODCZYT_JEDNOSTKI
255,55,TEKST_W_TJ,mod-PrUpad-wierzytelnosci-235-266.md,PROCEDURA_TEMATYCZNA_I_ODCZYT_JEDNOSTKI
256,56,TEKST_W_TJ,mod-PrUpad-wierzytelnosci-235-266.md,PROCEDURA_TEMATYCZNA_I_ODCZYT_JEDNOSTKI
257,56,TEKST_W_TJ,mod-PrUpad-wierzytelnosci-235-266.md,PROCEDURA_TEMATYCZNA_I_ODCZYT_JEDNOSTKI
258,56,TEKST_W_TJ,mod-PrUpad-wierzytelnosci-235-266.md,PROCEDURA_TEMATYCZNA_I_ODCZYT_JEDNOSTKI
258a,56,TEKST_W_TJ,mod-PrUpad-wierzytelnosci-235-266.md,PROCEDURA_TEMATYCZNA_I_ODCZYT_JEDNOSTKI
259,56,TEKST_W_TJ,mod-PrUpad-wierzytelnosci-235-266.md,PROCEDURA_TEMATYCZNA_I_ODCZYT_JEDNOSTKI
260,56,TEKST_W_TJ,mod-PrUpad-wierzytelnosci-235-266.md,PROCEDURA_TEMATYCZNA_I_ODCZYT_JEDNOSTKI
261,57,TEKST_W_TJ,mod-PrUpad-wierzytelnosci-235-266.md,PROCEDURA_TEMATYCZNA_I_ODCZYT_JEDNOSTKI
262,57,TEKST_W_TJ,mod-PrUpad-wierzytelnosci-235-266.md,PROCEDURA_TEMATYCZNA_I_ODCZYT_JEDNOSTKI
263,57,TEKST_W_TJ,mod-PrUpad-wierzytelnosci-235-266.md,PROCEDURA_TEMATYCZNA_I_ODCZYT_JEDNOSTKI
264,57,TEKST_W_TJ,mod-PrUpad-wierzytelnosci-235-266.md,PROCEDURA_TEMATYCZNA_I_ODCZYT_JEDNOSTKI
265,57,TEKST_W_TJ,mod-PrUpad-wierzytelnosci-235-266.md,PROCEDURA_TEMATYCZNA_I_ODCZYT_JEDNOSTKI
266,57,TEKST_W_TJ,mod-PrUpad-wierzytelnosci-235-266.md,PROCEDURA_TEMATYCZNA_I_ODCZYT_JEDNOSTKI
266a,57,TEKST_W_TJ,mod-PrUpad-uklad-likwidacja-zakonczenie.md,PROCEDURA_TEMATYCZNA_I_ODCZYT_JEDNOSTKI
266b,58,TEKST_W_TJ,mod-PrUpad-uklad-likwidacja-zakonczenie.md,PROCEDURA_TEMATYCZNA_I_ODCZYT_JEDNOSTKI
266c,58,TEKST_W_TJ,mod-PrUpad-uklad-likwidacja-zakonczenie.md,PROCEDURA_TEMATYCZNA_I_ODCZYT_JEDNOSTKI
266d,58,TEKST_W_TJ,mod-PrUpad-uklad-likwidacja-zakonczenie.md,PROCEDURA_TEMATYCZNA_I_ODCZYT_JEDNOSTKI
266e,58,TEKST_W_TJ,mod-PrUpad-uklad-likwidacja-zakonczenie.md,PROCEDURA_TEMATYCZNA_I_ODCZYT_JEDNOSTKI
266f,58,TEKST_W_TJ,mod-PrUpad-uklad-likwidacja-zakonczenie.md,PROCEDURA_TEMATYCZNA_I_ODCZYT_JEDNOSTKI
306,58,TEKST_W_TJ,mod-PrUpad-syndyk-likwidacja.md,PROCEDURA_TEMATYCZNA_I_ODCZYT_JEDNOSTKI
307,58,TEKST_W_TJ,mod-PrUpad-syndyk-likwidacja.md,PROCEDURA_TEMATYCZNA_I_ODCZYT_JEDNOSTKI
308,59,TEKST_W_TJ,mod-PrUpad-syndyk-likwidacja.md,PROCEDURA_TEMATYCZNA_I_ODCZYT_JEDNOSTKI
309,59,TEKST_W_TJ,mod-PrUpad-syndyk-likwidacja.md,PROCEDURA_TEMATYCZNA_I_ODCZYT_JEDNOSTKI
310,59,TEKST_W_TJ,mod-PrUpad-syndyk-likwidacja.md,PROCEDURA_TEMATYCZNA_I_ODCZYT_JEDNOSTKI
311,59,TEKST_W_TJ,mod-PrUpad-syndyk-likwidacja.md,PROCEDURA_TEMATYCZNA_I_ODCZYT_JEDNOSTKI
312,59,TEKST_W_TJ,mod-PrUpad-syndyk-likwidacja.md,PROCEDURA_TEMATYCZNA_I_ODCZYT_JEDNOSTKI
313,60,TEKST_W_TJ,mod-PrUpad-syndyk-likwidacja.md,PROCEDURA_TEMATYCZNA_I_ODCZYT_JEDNOSTKI
314,60,TEKST_W_TJ,mod-PrUpad-syndyk-likwidacja.md,PROCEDURA_TEMATYCZNA_I_ODCZYT_JEDNOSTKI
315,60,TEKST_W_TJ,mod-PrUpad-syndyk-likwidacja.md,PROCEDURA_TEMATYCZNA_I_ODCZYT_JEDNOSTKI
316,60,TEKST_W_TJ,mod-PrUpad-syndyk-likwidacja.md,PROCEDURA_TEMATYCZNA_I_ODCZYT_JEDNOSTKI
317,60,TEKST_W_TJ,mod-PrUpad-syndyk-likwidacja.md,PROCEDURA_TEMATYCZNA_I_ODCZYT_JEDNOSTKI
318,61,TEKST_W_TJ,mod-PrUpad-syndyk-likwidacja.md,PROCEDURA_TEMATYCZNA_I_ODCZYT_JEDNOSTKI
319,61,TEKST_W_TJ,mod-PrUpad-syndyk-likwidacja.md,PROCEDURA_TEMATYCZNA_I_ODCZYT_JEDNOSTKI
320,61,TEKST_W_TJ,mod-PrUpad-syndyk-likwidacja.md,PROCEDURA_TEMATYCZNA_I_ODCZYT_JEDNOSTKI
321,61,TEKST_W_TJ,mod-PrUpad-syndyk-likwidacja.md,PROCEDURA_TEMATYCZNA_I_ODCZYT_JEDNOSTKI
322,61,UCHYLONY,mod-PrUpad-syndyk-likwidacja.md,PROCEDURA_TEMATYCZNA_I_ODCZYT_JEDNOSTKI
323,61,UCHYLONY,mod-PrUpad-syndyk-likwidacja.md,PROCEDURA_TEMATYCZNA_I_ODCZYT_JEDNOSTKI
324,61,TEKST_W_TJ,mod-PrUpad-syndyk-likwidacja.md,PROCEDURA_TEMATYCZNA_I_ODCZYT_JEDNOSTKI
325,62,TEKST_W_TJ,mod-PrUpad-syndyk-likwidacja.md,PROCEDURA_TEMATYCZNA_I_ODCZYT_JEDNOSTKI
326,62,UCHYLONY,mod-PrUpad-syndyk-likwidacja.md,PROCEDURA_TEMATYCZNA_I_ODCZYT_JEDNOSTKI
327,62,TEKST_W_TJ,mod-PrUpad-syndyk-likwidacja.md,PROCEDURA_TEMATYCZNA_I_ODCZYT_JEDNOSTKI
328,62,TEKST_W_TJ,mod-PrUpad-syndyk-likwidacja.md,PROCEDURA_TEMATYCZNA_I_ODCZYT_JEDNOSTKI
329,62,TEKST_W_TJ,mod-PrUpad-syndyk-likwidacja.md,PROCEDURA_TEMATYCZNA_I_ODCZYT_JEDNOSTKI
330,62,TEKST_W_TJ,mod-PrUpad-syndyk-likwidacja.md,PROCEDURA_TEMATYCZNA_I_ODCZYT_JEDNOSTKI
330a,62,TEKST_W_TJ,mod-PrUpad-syndyk-likwidacja.md,PROCEDURA_TEMATYCZNA_I_ODCZYT_JEDNOSTKI
331,62,TEKST_W_TJ,mod-PrUpad-syndyk-likwidacja.md,PROCEDURA_TEMATYCZNA_I_ODCZYT_JEDNOSTKI
332,63,TEKST_W_TJ,mod-PrUpad-syndyk-likwidacja.md,PROCEDURA_TEMATYCZNA_I_ODCZYT_JEDNOSTKI
333,63,TEKST_W_TJ,mod-PrUpad-syndyk-likwidacja.md,PROCEDURA_TEMATYCZNA_I_ODCZYT_JEDNOSTKI
334,63,TEKST_W_TJ,mod-PrUpad-syndyk-likwidacja.md,PROCEDURA_TEMATYCZNA_I_ODCZYT_JEDNOSTKI
335,63,TEKST_W_TJ,mod-PrUpad-podzial-335-360.md,PROCEDURA_TEMATYCZNA_I_ODCZYT_JEDNOSTKI
336,63,TEKST_W_TJ,mod-PrUpad-podzial-335-360.md,PROCEDURA_TEMATYCZNA_I_ODCZYT_JEDNOSTKI
337,63,TEKST_W_TJ,mod-PrUpad-podzial-335-360.md,PROCEDURA_TEMATYCZNA_I_ODCZYT_JEDNOSTKI
338,63,TEKST_W_TJ,mod-PrUpad-podzial-335-360.md,PROCEDURA_TEMATYCZNA_I_ODCZYT_JEDNOSTKI
339,64,TEKST_W_TJ,mod-PrUpad-podzial-335-360.md,PROCEDURA_TEMATYCZNA_I_ODCZYT_JEDNOSTKI
340,64,TEKST_W_TJ,mod-PrUpad-podzial-335-360.md,PROCEDURA_TEMATYCZNA_I_ODCZYT_JEDNOSTKI
341,64,TEKST_W_TJ,mod-PrUpad-podzial-335-360.md,PROCEDURA_TEMATYCZNA_I_ODCZYT_JEDNOSTKI
342,64,TEKST_W_TJ,mod-PrUpad-podzial-335-360.md,PROCEDURA_TEMATYCZNA_I_ODCZYT_JEDNOSTKI
342a,65,TEKST_W_TJ,mod-PrUpad-podzial-335-360.md,PROCEDURA_TEMATYCZNA_I_ODCZYT_JEDNOSTKI
343,65,TEKST_W_TJ,mod-PrUpad-podzial-335-360.md,PROCEDURA_TEMATYCZNA_I_ODCZYT_JEDNOSTKI
344,65,TEKST_W_TJ,mod-PrUpad-podzial-335-360.md,PROCEDURA_TEMATYCZNA_I_ODCZYT_JEDNOSTKI
345,66,TEKST_W_TJ,mod-PrUpad-podzial-335-360.md,PROCEDURA_TEMATYCZNA_I_ODCZYT_JEDNOSTKI
346,66,TEKST_W_TJ,mod-PrUpad-podzial-335-360.md,PROCEDURA_TEMATYCZNA_I_ODCZYT_JEDNOSTKI
347,66,TEKST_W_TJ,mod-PrUpad-podzial-335-360.md,PROCEDURA_TEMATYCZNA_I_ODCZYT_JEDNOSTKI
348,66,TEKST_W_TJ,mod-PrUpad-podzial-335-360.md,PROCEDURA_TEMATYCZNA_I_ODCZYT_JEDNOSTKI
349,67,TEKST_W_TJ,mod-PrUpad-podzial-335-360.md,PROCEDURA_TEMATYCZNA_I_ODCZYT_JEDNOSTKI
350,67,TEKST_W_TJ,mod-PrUpad-podzial-335-360.md,PROCEDURA_TEMATYCZNA_I_ODCZYT_JEDNOSTKI
351,67,TEKST_W_TJ,mod-PrUpad-podzial-335-360.md,PROCEDURA_TEMATYCZNA_I_ODCZYT_JEDNOSTKI
352,67,TEKST_W_TJ,mod-PrUpad-podzial-335-360.md,PROCEDURA_TEMATYCZNA_I_ODCZYT_JEDNOSTKI
353,67,TEKST_W_TJ,mod-PrUpad-podzial-335-360.md,PROCEDURA_TEMATYCZNA_I_ODCZYT_JEDNOSTKI
354,67,TEKST_W_TJ,mod-PrUpad-podzial-335-360.md,PROCEDURA_TEMATYCZNA_I_ODCZYT_JEDNOSTKI
355,67,TEKST_W_TJ,mod-PrUpad-podzial-335-360.md,PROCEDURA_TEMATYCZNA_I_ODCZYT_JEDNOSTKI
356,67,TEKST_W_TJ,mod-PrUpad-podzial-335-360.md,PROCEDURA_TEMATYCZNA_I_ODCZYT_JEDNOSTKI
357,67,UCHYLONY,mod-PrUpad-podzial-335-360.md,PROCEDURA_TEMATYCZNA_I_ODCZYT_JEDNOSTKI
358,67,TEKST_W_TJ,mod-PrUpad-podzial-335-360.md,PROCEDURA_TEMATYCZNA_I_ODCZYT_JEDNOSTKI
359,67,TEKST_W_TJ,mod-PrUpad-podzial-335-360.md,PROCEDURA_TEMATYCZNA_I_ODCZYT_JEDNOSTKI
360,68,TEKST_W_TJ,mod-PrUpad-podzial-335-360.md,PROCEDURA_TEMATYCZNA_I_ODCZYT_JEDNOSTKI
361,68,TEKST_W_TJ,mod-PrUpad-zakonczenie-zakaz-karne.md,PROCEDURA_TEMATYCZNA_I_ODCZYT_JEDNOSTKI
362,68,TEKST_W_TJ,mod-PrUpad-zakonczenie-zakaz-karne.md,PROCEDURA_TEMATYCZNA_I_ODCZYT_JEDNOSTKI
363,68,TEKST_W_TJ,mod-PrUpad-zakonczenie-zakaz-karne.md,PROCEDURA_TEMATYCZNA_I_ODCZYT_JEDNOSTKI
364,68,TEKST_W_TJ,mod-PrUpad-zakonczenie-zakaz-karne.md,PROCEDURA_TEMATYCZNA_I_ODCZYT_JEDNOSTKI
365,68,TEKST_W_TJ,mod-PrUpad-zakonczenie-zakaz-karne.md,PROCEDURA_TEMATYCZNA_I_ODCZYT_JEDNOSTKI
366,69,TEKST_W_TJ,mod-PrUpad-zakonczenie-zakaz-karne.md,PROCEDURA_TEMATYCZNA_I_ODCZYT_JEDNOSTKI
367,69,TEKST_W_TJ,mod-PrUpad-zakonczenie-zakaz-karne.md,PROCEDURA_TEMATYCZNA_I_ODCZYT_JEDNOSTKI
368,69,TEKST_W_TJ,mod-PrUpad-zakonczenie-zakaz-karne.md,PROCEDURA_TEMATYCZNA_I_ODCZYT_JEDNOSTKI
369,69,TEKST_W_TJ,mod-PrUpad-zakonczenie-zakaz-karne.md,PROCEDURA_TEMATYCZNA_I_ODCZYT_JEDNOSTKI
370,70,UCHYLONY,mod-PrUpad-zakonczenie-zakaz-karne.md,PROCEDURA_TEMATYCZNA_I_ODCZYT_JEDNOSTKI
370a,70,TEKST_W_TJ,mod-PrUpad-zakonczenie-zakaz-karne.md,PROCEDURA_TEMATYCZNA_I_ODCZYT_JEDNOSTKI
370b,71,TEKST_W_TJ,mod-PrUpad-zakonczenie-zakaz-karne.md,PROCEDURA_TEMATYCZNA_I_ODCZYT_JEDNOSTKI
370c,71,TEKST_W_TJ,mod-PrUpad-zakonczenie-zakaz-karne.md,PROCEDURA_TEMATYCZNA_I_ODCZYT_JEDNOSTKI
370d,71,TEKST_W_TJ,mod-PrUpad-zakonczenie-zakaz-karne.md,PROCEDURA_TEMATYCZNA_I_ODCZYT_JEDNOSTKI
370e,72,TEKST_W_TJ,mod-PrUpad-zakonczenie-zakaz-karne.md,PROCEDURA_TEMATYCZNA_I_ODCZYT_JEDNOSTKI
370ea,72,TEKST_W_TJ,mod-PrUpad-zakonczenie-zakaz-karne.md,PROCEDURA_TEMATYCZNA_I_ODCZYT_JEDNOSTKI
370f,72,TEKST_W_TJ,mod-PrUpad-zakonczenie-zakaz-karne.md,PROCEDURA_TEMATYCZNA_I_ODCZYT_JEDNOSTKI
371,72,TEKST_W_TJ,mod-PrUpad-zakonczenie-zakaz-karne.md,PROCEDURA_TEMATYCZNA_I_ODCZYT_JEDNOSTKI
372,72,TEKST_W_TJ,mod-PrUpad-zakonczenie-zakaz-karne.md,PROCEDURA_TEMATYCZNA_I_ODCZYT_JEDNOSTKI
373,73,TEKST_W_TJ,mod-PrUpad-zakonczenie-zakaz-karne.md,PROCEDURA_TEMATYCZNA_I_ODCZYT_JEDNOSTKI
374,73,TEKST_W_TJ,mod-PrUpad-zakonczenie-zakaz-karne.md,PROCEDURA_TEMATYCZNA_I_ODCZYT_JEDNOSTKI
375,73,TEKST_W_TJ,mod-PrUpad-zakonczenie-zakaz-karne.md,PROCEDURA_TEMATYCZNA_I_ODCZYT_JEDNOSTKI
376,73,TEKST_W_TJ,mod-PrUpad-zakonczenie-zakaz-karne.md,PROCEDURA_TEMATYCZNA_I_ODCZYT_JEDNOSTKI
377,74,TEKST_W_TJ,mod-PrUpad-zakonczenie-zakaz-karne.md,PROCEDURA_TEMATYCZNA_I_ODCZYT_JEDNOSTKI
378,74,TEKST_W_TJ,mod-PrUpad-likwidacja-miedzynarodowe-szczegolne.md,PROCEDURA_TEMATYCZNA_I_ODCZYT_JEDNOSTKI
379,74,TEKST_W_TJ,mod-PrUpad-likwidacja-miedzynarodowe-szczegolne.md,PROCEDURA_TEMATYCZNA_I_ODCZYT_JEDNOSTKI
380,74,TEKST_W_TJ,mod-PrUpad-likwidacja-miedzynarodowe-szczegolne.md,PROCEDURA_TEMATYCZNA_I_ODCZYT_JEDNOSTKI
381,75,TEKST_W_TJ,mod-PrUpad-likwidacja-miedzynarodowe-szczegolne.md,PROCEDURA_TEMATYCZNA_I_ODCZYT_JEDNOSTKI
382,75,TEKST_W_TJ,mod-PrUpad-likwidacja-miedzynarodowe-szczegolne.md,PROCEDURA_TEMATYCZNA_I_ODCZYT_JEDNOSTKI
383,75,TEKST_W_TJ,mod-PrUpad-likwidacja-miedzynarodowe-szczegolne.md,PROCEDURA_TEMATYCZNA_I_ODCZYT_JEDNOSTKI
384,75,TEKST_W_TJ,mod-PrUpad-likwidacja-miedzynarodowe-szczegolne.md,PROCEDURA_TEMATYCZNA_I_ODCZYT_JEDNOSTKI
385,75,UCHYLONY,mod-PrUpad-likwidacja-miedzynarodowe-szczegolne.md,PROCEDURA_TEMATYCZNA_I_ODCZYT_JEDNOSTKI
386,75,TEKST_W_TJ,mod-PrUpad-likwidacja-miedzynarodowe-szczegolne.md,PROCEDURA_TEMATYCZNA_I_ODCZYT_JEDNOSTKI
387,76,TEKST_W_TJ,mod-PrUpad-likwidacja-miedzynarodowe-szczegolne.md,PROCEDURA_TEMATYCZNA_I_ODCZYT_JEDNOSTKI
388,76,TEKST_W_TJ,mod-PrUpad-likwidacja-miedzynarodowe-szczegolne.md,PROCEDURA_TEMATYCZNA_I_ODCZYT_JEDNOSTKI
389,76,TEKST_W_TJ,mod-PrUpad-likwidacja-miedzynarodowe-szczegolne.md,PROCEDURA_TEMATYCZNA_I_ODCZYT_JEDNOSTKI
390,76,TEKST_W_TJ,mod-PrUpad-likwidacja-miedzynarodowe-szczegolne.md,PROCEDURA_TEMATYCZNA_I_ODCZYT_JEDNOSTKI
391,76,UCHYLONY,mod-PrUpad-likwidacja-miedzynarodowe-szczegolne.md,PROCEDURA_TEMATYCZNA_I_ODCZYT_JEDNOSTKI
392,76,TEKST_W_TJ,mod-PrUpad-likwidacja-miedzynarodowe-szczegolne.md,PROCEDURA_TEMATYCZNA_I_ODCZYT_JEDNOSTKI
393,76,TEKST_W_TJ,mod-PrUpad-likwidacja-miedzynarodowe-szczegolne.md,PROCEDURA_TEMATYCZNA_I_ODCZYT_JEDNOSTKI
393a,77,TEKST_W_TJ,mod-PrUpad-likwidacja-miedzynarodowe-szczegolne.md,PROCEDURA_TEMATYCZNA_I_ODCZYT_JEDNOSTKI
394,77,TEKST_W_TJ,mod-PrUpad-likwidacja-miedzynarodowe-szczegolne.md,PROCEDURA_TEMATYCZNA_I_ODCZYT_JEDNOSTKI
395,77,TEKST_W_TJ,mod-PrUpad-likwidacja-miedzynarodowe-szczegolne.md,PROCEDURA_TEMATYCZNA_I_ODCZYT_JEDNOSTKI
396,77,TEKST_W_TJ,mod-PrUpad-likwidacja-miedzynarodowe-szczegolne.md,PROCEDURA_TEMATYCZNA_I_ODCZYT_JEDNOSTKI
397,78,TEKST_W_TJ,mod-PrUpad-likwidacja-miedzynarodowe-szczegolne.md,PROCEDURA_TEMATYCZNA_I_ODCZYT_JEDNOSTKI
398,78,TEKST_W_TJ,mod-PrUpad-likwidacja-miedzynarodowe-szczegolne.md,PROCEDURA_TEMATYCZNA_I_ODCZYT_JEDNOSTKI
399,78,UCHYLONY,mod-PrUpad-likwidacja-miedzynarodowe-szczegolne.md,PROCEDURA_TEMATYCZNA_I_ODCZYT_JEDNOSTKI
400,78,UCHYLONY,mod-PrUpad-likwidacja-miedzynarodowe-szczegolne.md,PROCEDURA_TEMATYCZNA_I_ODCZYT_JEDNOSTKI
400a,78,TEKST_W_TJ,mod-PrUpad-likwidacja-miedzynarodowe-szczegolne.md,PROCEDURA_TEMATYCZNA_I_ODCZYT_JEDNOSTKI
401,78,TEKST_W_TJ,mod-PrUpad-likwidacja-miedzynarodowe-szczegolne.md,PROCEDURA_TEMATYCZNA_I_ODCZYT_JEDNOSTKI
402,78,TEKST_W_TJ,mod-PrUpad-likwidacja-miedzynarodowe-szczegolne.md,PROCEDURA_TEMATYCZNA_I_ODCZYT_JEDNOSTKI
403,78,TEKST_W_TJ,mod-PrUpad-likwidacja-miedzynarodowe-szczegolne.md,PROCEDURA_TEMATYCZNA_I_ODCZYT_JEDNOSTKI
404,79,TEKST_W_TJ,mod-PrUpad-likwidacja-miedzynarodowe-szczegolne.md,PROCEDURA_TEMATYCZNA_I_ODCZYT_JEDNOSTKI
405,79,TEKST_W_TJ,mod-PrUpad-likwidacja-miedzynarodowe-szczegolne.md,PROCEDURA_TEMATYCZNA_I_ODCZYT_JEDNOSTKI
406,79,TEKST_W_TJ,mod-PrUpad-likwidacja-miedzynarodowe-szczegolne.md,PROCEDURA_TEMATYCZNA_I_ODCZYT_JEDNOSTKI
407,79,TEKST_W_TJ,mod-PrUpad-likwidacja-miedzynarodowe-szczegolne.md,PROCEDURA_TEMATYCZNA_I_ODCZYT_JEDNOSTKI
408,79,TEKST_W_TJ,mod-PrUpad-likwidacja-miedzynarodowe-szczegolne.md,PROCEDURA_TEMATYCZNA_I_ODCZYT_JEDNOSTKI
409,79,TEKST_W_TJ,mod-PrUpad-likwidacja-miedzynarodowe-szczegolne.md,PROCEDURA_TEMATYCZNA_I_ODCZYT_JEDNOSTKI
410,79,TEKST_W_TJ,mod-PrUpad-likwidacja-miedzynarodowe-szczegolne.md,PROCEDURA_TEMATYCZNA_I_ODCZYT_JEDNOSTKI
410a,79,TEKST_W_TJ,mod-PrUpad-likwidacja-miedzynarodowe-szczegolne.md,PROCEDURA_TEMATYCZNA_I_ODCZYT_JEDNOSTKI
410b,80,TEKST_W_TJ,mod-PrUpad-likwidacja-miedzynarodowe-szczegolne.md,PROCEDURA_TEMATYCZNA_I_ODCZYT_JEDNOSTKI
411,80,TEKST_W_TJ,mod-PrUpad-likwidacja-miedzynarodowe-szczegolne.md,PROCEDURA_TEMATYCZNA_I_ODCZYT_JEDNOSTKI
412,80,TEKST_W_TJ,mod-PrUpad-likwidacja-miedzynarodowe-szczegolne.md,PROCEDURA_TEMATYCZNA_I_ODCZYT_JEDNOSTKI
413,80,TEKST_W_TJ,mod-PrUpad-likwidacja-miedzynarodowe-szczegolne.md,PROCEDURA_TEMATYCZNA_I_ODCZYT_JEDNOSTKI
414,80,TEKST_W_TJ,mod-PrUpad-likwidacja-miedzynarodowe-szczegolne.md,PROCEDURA_TEMATYCZNA_I_ODCZYT_JEDNOSTKI
415,80,TEKST_W_TJ,mod-PrUpad-likwidacja-miedzynarodowe-szczegolne.md,PROCEDURA_TEMATYCZNA_I_ODCZYT_JEDNOSTKI
416,80,TEKST_W_TJ,mod-PrUpad-likwidacja-miedzynarodowe-szczegolne.md,PROCEDURA_TEMATYCZNA_I_ODCZYT_JEDNOSTKI
417,80,TEKST_W_TJ,mod-PrUpad-likwidacja-miedzynarodowe-szczegolne.md,PROCEDURA_TEMATYCZNA_I_ODCZYT_JEDNOSTKI
418,80,TEKST_W_TJ,mod-PrUpad-likwidacja-miedzynarodowe-szczegolne.md,PROCEDURA_TEMATYCZNA_I_ODCZYT_JEDNOSTKI
419,80,TEKST_W_TJ,mod-PrUpad-likwidacja-miedzynarodowe-szczegolne.md,PROCEDURA_TEMATYCZNA_I_ODCZYT_JEDNOSTKI
420,81,UCHYLONY,mod-PrUpad-likwidacja-miedzynarodowe-szczegolne.md,PROCEDURA_TEMATYCZNA_I_ODCZYT_JEDNOSTKI
421,81,TEKST_W_TJ,mod-PrUpad-likwidacja-miedzynarodowe-szczegolne.md,PROCEDURA_TEMATYCZNA_I_ODCZYT_JEDNOSTKI
422,81,TEKST_W_TJ,mod-PrUpad-likwidacja-miedzynarodowe-szczegolne.md,PROCEDURA_TEMATYCZNA_I_ODCZYT_JEDNOSTKI
423,81,TEKST_W_TJ,mod-PrUpad-likwidacja-miedzynarodowe-szczegolne.md,PROCEDURA_TEMATYCZNA_I_ODCZYT_JEDNOSTKI
424,81,TEKST_W_TJ,mod-PrUpad-likwidacja-miedzynarodowe-szczegolne.md,PROCEDURA_TEMATYCZNA_I_ODCZYT_JEDNOSTKI
425,81,TEKST_W_TJ,mod-PrUpad-likwidacja-miedzynarodowe-szczegolne.md,PROCEDURA_TEMATYCZNA_I_ODCZYT_JEDNOSTKI
425a,81,TEKST_W_TJ,mod-PrUpad-likwidacja-miedzynarodowe-szczegolne.md,PROCEDURA_TEMATYCZNA_I_ODCZYT_JEDNOSTKI
425b,81,TEKST_W_TJ,mod-PrUpad-likwidacja-miedzynarodowe-szczegolne.md,PROCEDURA_TEMATYCZNA_I_ODCZYT_JEDNOSTKI
425c,81,TEKST_W_TJ,mod-PrUpad-likwidacja-miedzynarodowe-szczegolne.md,PROCEDURA_TEMATYCZNA_I_ODCZYT_JEDNOSTKI
425d,81,TEKST_W_TJ,mod-PrUpad-likwidacja-miedzynarodowe-szczegolne.md,PROCEDURA_TEMATYCZNA_I_ODCZYT_JEDNOSTKI
425e,82,TEKST_W_TJ,mod-PrUpad-likwidacja-miedzynarodowe-szczegolne.md,PROCEDURA_TEMATYCZNA_I_ODCZYT_JEDNOSTKI
425f,82,TEKST_W_TJ,mod-PrUpad-likwidacja-miedzynarodowe-szczegolne.md,PROCEDURA_TEMATYCZNA_I_ODCZYT_JEDNOSTKI
425g,82,TEKST_W_TJ,mod-PrUpad-likwidacja-miedzynarodowe-szczegolne.md,PROCEDURA_TEMATYCZNA_I_ODCZYT_JEDNOSTKI
425h,82,TEKST_W_TJ,mod-PrUpad-likwidacja-miedzynarodowe-szczegolne.md,PROCEDURA_TEMATYCZNA_I_ODCZYT_JEDNOSTKI
425i,83,TEKST_W_TJ,mod-PrUpad-likwidacja-miedzynarodowe-szczegolne.md,PROCEDURA_TEMATYCZNA_I_ODCZYT_JEDNOSTKI
425j,83,TEKST_W_TJ,mod-PrUpad-likwidacja-miedzynarodowe-szczegolne.md,PROCEDURA_TEMATYCZNA_I_ODCZYT_JEDNOSTKI
425ja,83,TEKST_W_TJ,mod-PrUpad-likwidacja-miedzynarodowe-szczegolne.md,PROCEDURA_TEMATYCZNA_I_ODCZYT_JEDNOSTKI
425k,83,TEKST_W_TJ,mod-PrUpad-likwidacja-miedzynarodowe-szczegolne.md,PROCEDURA_TEMATYCZNA_I_ODCZYT_JEDNOSTKI
425l,83,TEKST_W_TJ,mod-PrUpad-likwidacja-miedzynarodowe-szczegolne.md,PROCEDURA_TEMATYCZNA_I_ODCZYT_JEDNOSTKI
425m,83,TEKST_W_TJ,mod-PrUpad-likwidacja-miedzynarodowe-szczegolne.md,PROCEDURA_TEMATYCZNA_I_ODCZYT_JEDNOSTKI
425n,84,TEKST_W_TJ,mod-PrUpad-likwidacja-miedzynarodowe-szczegolne.md,PROCEDURA_TEMATYCZNA_I_ODCZYT_JEDNOSTKI
425o,84,TEKST_W_TJ,mod-PrUpad-likwidacja-miedzynarodowe-szczegolne.md,PROCEDURA_TEMATYCZNA_I_ODCZYT_JEDNOSTKI
425p,84,TEKST_W_TJ,mod-PrUpad-likwidacja-miedzynarodowe-szczegolne.md,PROCEDURA_TEMATYCZNA_I_ODCZYT_JEDNOSTKI
425q,84,TEKST_W_TJ,mod-PrUpad-likwidacja-miedzynarodowe-szczegolne.md,PROCEDURA_TEMATYCZNA_I_ODCZYT_JEDNOSTKI
425r,84,TEKST_W_TJ,mod-PrUpad-likwidacja-miedzynarodowe-szczegolne.md,PROCEDURA_TEMATYCZNA_I_ODCZYT_JEDNOSTKI
425s,84,TEKST_W_TJ,mod-PrUpad-likwidacja-miedzynarodowe-szczegolne.md,PROCEDURA_TEMATYCZNA_I_ODCZYT_JEDNOSTKI
426,85,TEKST_W_TJ,mod-PrUpad-postepowania-odrebne-426-491-38.md,PROCEDURA_TEMATYCZNA_I_ODCZYT_JEDNOSTKI
427,85,TEKST_W_TJ,mod-PrUpad-postepowania-odrebne-426-491-38.md,PROCEDURA_TEMATYCZNA_I_ODCZYT_JEDNOSTKI
428,86,UCHYLONY,mod-PrUpad-postepowania-odrebne-426-491-38.md,PROCEDURA_TEMATYCZNA_I_ODCZYT_JEDNOSTKI
429,86,TEKST_W_TJ,mod-PrUpad-postepowania-odrebne-426-491-38.md,PROCEDURA_TEMATYCZNA_I_ODCZYT_JEDNOSTKI
430,86,UCHYLONY,mod-PrUpad-postepowania-odrebne-426-491-38.md,PROCEDURA_TEMATYCZNA_I_ODCZYT_JEDNOSTKI
431,86,UCHYLONY,mod-PrUpad-postepowania-odrebne-426-491-38.md,PROCEDURA_TEMATYCZNA_I_ODCZYT_JEDNOSTKI
432,86,TEKST_W_TJ,mod-PrUpad-postepowania-odrebne-426-491-38.md,PROCEDURA_TEMATYCZNA_I_ODCZYT_JEDNOSTKI
433,86,TEKST_W_TJ,mod-PrUpad-postepowania-odrebne-426-491-38.md,PROCEDURA_TEMATYCZNA_I_ODCZYT_JEDNOSTKI
434,86,TEKST_W_TJ,mod-PrUpad-postepowania-odrebne-426-491-38.md,PROCEDURA_TEMATYCZNA_I_ODCZYT_JEDNOSTKI
434a,86,TEKST_W_TJ,mod-PrUpad-postepowania-odrebne-426-491-38.md,PROCEDURA_TEMATYCZNA_I_ODCZYT_JEDNOSTKI
435,86,UCHYLONY,mod-PrUpad-postepowania-odrebne-426-491-38.md,PROCEDURA_TEMATYCZNA_I_ODCZYT_JEDNOSTKI
436,86,TEKST_W_TJ,mod-PrUpad-postepowania-odrebne-426-491-38.md,PROCEDURA_TEMATYCZNA_I_ODCZYT_JEDNOSTKI
437,86,TEKST_W_TJ,mod-PrUpad-postepowania-odrebne-426-491-38.md,PROCEDURA_TEMATYCZNA_I_ODCZYT_JEDNOSTKI
438,87,TEKST_W_TJ,mod-PrUpad-postepowania-odrebne-426-491-38.md,PROCEDURA_TEMATYCZNA_I_ODCZYT_JEDNOSTKI
439,87,TEKST_W_TJ,mod-PrUpad-postepowania-odrebne-426-491-38.md,PROCEDURA_TEMATYCZNA_I_ODCZYT_JEDNOSTKI
440,87,TEKST_W_TJ,mod-PrUpad-postepowania-odrebne-426-491-38.md,PROCEDURA_TEMATYCZNA_I_ODCZYT_JEDNOSTKI
441,89,TEKST_W_TJ,mod-PrUpad-postepowania-odrebne-426-491-38.md,PROCEDURA_TEMATYCZNA_I_ODCZYT_JEDNOSTKI
441a,89,TEKST_W_TJ,mod-PrUpad-postepowania-odrebne-426-491-38.md,PROCEDURA_TEMATYCZNA_I_ODCZYT_JEDNOSTKI
442,89,TEKST_W_TJ,mod-PrUpad-postepowania-odrebne-426-491-38.md,PROCEDURA_TEMATYCZNA_I_ODCZYT_JEDNOSTKI
442a,89,TEKST_W_TJ,mod-PrUpad-postepowania-odrebne-426-491-38.md,PROCEDURA_TEMATYCZNA_I_ODCZYT_JEDNOSTKI
443,90,TEKST_W_TJ,mod-PrUpad-postepowania-odrebne-426-491-38.md,PROCEDURA_TEMATYCZNA_I_ODCZYT_JEDNOSTKI
444,90,TEKST_W_TJ,mod-PrUpad-postepowania-odrebne-426-491-38.md,PROCEDURA_TEMATYCZNA_I_ODCZYT_JEDNOSTKI
445,90,TEKST_W_TJ,mod-PrUpad-postepowania-odrebne-426-491-38.md,PROCEDURA_TEMATYCZNA_I_ODCZYT_JEDNOSTKI
445a,90,TEKST_W_TJ,mod-PrUpad-postepowania-odrebne-426-491-38.md,PROCEDURA_TEMATYCZNA_I_ODCZYT_JEDNOSTKI
445b,90,TEKST_W_TJ,mod-PrUpad-postepowania-odrebne-426-491-38.md,PROCEDURA_TEMATYCZNA_I_ODCZYT_JEDNOSTKI
446,90,TEKST_W_TJ,mod-PrUpad-postepowania-odrebne-426-491-38.md,PROCEDURA_TEMATYCZNA_I_ODCZYT_JEDNOSTKI
446a,91,TEKST_W_TJ,mod-PrUpad-postepowania-odrebne-426-491-38.md,PROCEDURA_TEMATYCZNA_I_ODCZYT_JEDNOSTKI
446b,91,TEKST_W_TJ,mod-PrUpad-postepowania-odrebne-426-491-38.md,PROCEDURA_TEMATYCZNA_I_ODCZYT_JEDNOSTKI
446c,92,TEKST_W_TJ,mod-PrUpad-postepowania-odrebne-426-491-38.md,PROCEDURA_TEMATYCZNA_I_ODCZYT_JEDNOSTKI
446d,92,TEKST_W_TJ,mod-PrUpad-postepowania-odrebne-426-491-38.md,PROCEDURA_TEMATYCZNA_I_ODCZYT_JEDNOSTKI
447,92,UCHYLONY,mod-PrUpad-postepowania-odrebne-426-491-38.md,PROCEDURA_TEMATYCZNA_I_ODCZYT_JEDNOSTKI
448,92,TEKST_W_TJ,mod-PrUpad-postepowania-odrebne-426-491-38.md,PROCEDURA_TEMATYCZNA_I_ODCZYT_JEDNOSTKI
449,92,TEKST_W_TJ,mod-PrUpad-postepowania-odrebne-426-491-38.md,PROCEDURA_TEMATYCZNA_I_ODCZYT_JEDNOSTKI
450,92,TEKST_W_TJ,mod-PrUpad-postepowania-odrebne-426-491-38.md,PROCEDURA_TEMATYCZNA_I_ODCZYT_JEDNOSTKI
450a,92,TEKST_W_TJ,mod-PrUpad-postepowania-odrebne-426-491-38.md,PROCEDURA_TEMATYCZNA_I_ODCZYT_JEDNOSTKI
451,93,TEKST_W_TJ,mod-PrUpad-postepowania-odrebne-426-491-38.md,PROCEDURA_TEMATYCZNA_I_ODCZYT_JEDNOSTKI
452,93,TEKST_W_TJ,mod-PrUpad-postepowania-odrebne-426-491-38.md,PROCEDURA_TEMATYCZNA_I_ODCZYT_JEDNOSTKI
453,93,TEKST_W_TJ,mod-PrUpad-postepowania-odrebne-426-491-38.md,PROCEDURA_TEMATYCZNA_I_ODCZYT_JEDNOSTKI
454,93,TEKST_W_TJ,mod-PrUpad-postepowania-odrebne-426-491-38.md,PROCEDURA_TEMATYCZNA_I_ODCZYT_JEDNOSTKI
455,93,TEKST_W_TJ,mod-PrUpad-postepowania-odrebne-426-491-38.md,PROCEDURA_TEMATYCZNA_I_ODCZYT_JEDNOSTKI
456,94,TEKST_W_TJ,mod-PrUpad-postepowania-odrebne-426-491-38.md,PROCEDURA_TEMATYCZNA_I_ODCZYT_JEDNOSTKI
457,94,TEKST_W_TJ,mod-PrUpad-postepowania-odrebne-426-491-38.md,PROCEDURA_TEMATYCZNA_I_ODCZYT_JEDNOSTKI
458,94,TEKST_W_TJ,mod-PrUpad-postepowania-odrebne-426-491-38.md,PROCEDURA_TEMATYCZNA_I_ODCZYT_JEDNOSTKI
459,94,TEKST_W_TJ,mod-PrUpad-postepowania-odrebne-426-491-38.md,PROCEDURA_TEMATYCZNA_I_ODCZYT_JEDNOSTKI
459^1,94,TEKST_W_TJ,mod-PrUpad-postepowania-odrebne-426-491-38.md,PROCEDURA_TEMATYCZNA_I_ODCZYT_JEDNOSTKI
460,95,TEKST_W_TJ,mod-PrUpad-postepowania-odrebne-426-491-38.md,PROCEDURA_TEMATYCZNA_I_ODCZYT_JEDNOSTKI
461,95,TEKST_W_TJ,mod-PrUpad-postepowania-odrebne-426-491-38.md,PROCEDURA_TEMATYCZNA_I_ODCZYT_JEDNOSTKI
462,95,TEKST_W_TJ,mod-PrUpad-postepowania-odrebne-426-491-38.md,PROCEDURA_TEMATYCZNA_I_ODCZYT_JEDNOSTKI
463,95,TEKST_W_TJ,mod-PrUpad-postepowania-odrebne-426-491-38.md,PROCEDURA_TEMATYCZNA_I_ODCZYT_JEDNOSTKI
464,95,TEKST_W_TJ,mod-PrUpad-postepowania-odrebne-426-491-38.md,PROCEDURA_TEMATYCZNA_I_ODCZYT_JEDNOSTKI
465,95,TEKST_W_TJ,mod-PrUpad-postepowania-odrebne-426-491-38.md,PROCEDURA_TEMATYCZNA_I_ODCZYT_JEDNOSTKI
466,95,TEKST_W_TJ,mod-PrUpad-postepowania-odrebne-426-491-38.md,PROCEDURA_TEMATYCZNA_I_ODCZYT_JEDNOSTKI
467,95,TEKST_W_TJ,mod-PrUpad-postepowania-odrebne-426-491-38.md,PROCEDURA_TEMATYCZNA_I_ODCZYT_JEDNOSTKI
467^1,95,TEKST_W_TJ,mod-PrUpad-postepowania-odrebne-426-491-38.md,PROCEDURA_TEMATYCZNA_I_ODCZYT_JEDNOSTKI
468,96,TEKST_W_TJ,mod-PrUpad-postepowania-odrebne-426-491-38.md,PROCEDURA_TEMATYCZNA_I_ODCZYT_JEDNOSTKI
469,96,TEKST_W_TJ,mod-PrUpad-postepowania-odrebne-426-491-38.md,PROCEDURA_TEMATYCZNA_I_ODCZYT_JEDNOSTKI
470,96,TEKST_W_TJ,mod-PrUpad-postepowania-odrebne-426-491-38.md,PROCEDURA_TEMATYCZNA_I_ODCZYT_JEDNOSTKI
471,96,TEKST_W_TJ,mod-PrUpad-postepowania-odrebne-426-491-38.md,PROCEDURA_TEMATYCZNA_I_ODCZYT_JEDNOSTKI
472,96,TEKST_W_TJ,mod-PrUpad-postepowania-odrebne-426-491-38.md,PROCEDURA_TEMATYCZNA_I_ODCZYT_JEDNOSTKI
473,96,TEKST_W_TJ,mod-PrUpad-postepowania-odrebne-426-491-38.md,PROCEDURA_TEMATYCZNA_I_ODCZYT_JEDNOSTKI
474,96,TEKST_W_TJ,mod-PrUpad-postepowania-odrebne-426-491-38.md,PROCEDURA_TEMATYCZNA_I_ODCZYT_JEDNOSTKI
475,96,TEKST_W_TJ,mod-PrUpad-postepowania-odrebne-426-491-38.md,PROCEDURA_TEMATYCZNA_I_ODCZYT_JEDNOSTKI
476,96,TEKST_W_TJ,mod-PrUpad-postepowania-odrebne-426-491-38.md,PROCEDURA_TEMATYCZNA_I_ODCZYT_JEDNOSTKI
477,97,TEKST_W_TJ,mod-PrUpad-postepowania-odrebne-426-491-38.md,PROCEDURA_TEMATYCZNA_I_ODCZYT_JEDNOSTKI
477^1,97,TEKST_W_TJ,mod-PrUpad-postepowania-odrebne-426-491-38.md,PROCEDURA_TEMATYCZNA_I_ODCZYT_JEDNOSTKI
478,97,TEKST_W_TJ,mod-PrUpad-postepowania-odrebne-426-491-38.md,PROCEDURA_TEMATYCZNA_I_ODCZYT_JEDNOSTKI
478^1,97,TEKST_W_TJ,mod-PrUpad-postepowania-odrebne-426-491-38.md,PROCEDURA_TEMATYCZNA_I_ODCZYT_JEDNOSTKI
479,97,TEKST_W_TJ,mod-PrUpad-postepowania-odrebne-426-491-38.md,PROCEDURA_TEMATYCZNA_I_ODCZYT_JEDNOSTKI
480,97,TEKST_W_TJ,mod-PrUpad-postepowania-odrebne-426-491-38.md,PROCEDURA_TEMATYCZNA_I_ODCZYT_JEDNOSTKI
481,97,TEKST_W_TJ,mod-PrUpad-postepowania-odrebne-426-491-38.md,PROCEDURA_TEMATYCZNA_I_ODCZYT_JEDNOSTKI
482,98,TEKST_W_TJ,mod-PrUpad-postepowania-odrebne-426-491-38.md,PROCEDURA_TEMATYCZNA_I_ODCZYT_JEDNOSTKI
483,98,TEKST_W_TJ,mod-PrUpad-postepowania-odrebne-426-491-38.md,PROCEDURA_TEMATYCZNA_I_ODCZYT_JEDNOSTKI
484,98,TEKST_W_TJ,mod-PrUpad-postepowania-odrebne-426-491-38.md,PROCEDURA_TEMATYCZNA_I_ODCZYT_JEDNOSTKI
485,98,TEKST_W_TJ,mod-PrUpad-postepowania-odrebne-426-491-38.md,PROCEDURA_TEMATYCZNA_I_ODCZYT_JEDNOSTKI
486,99,TEKST_W_TJ,mod-PrUpad-postepowania-odrebne-426-491-38.md,PROCEDURA_TEMATYCZNA_I_ODCZYT_JEDNOSTKI
487,99,TEKST_W_TJ,mod-PrUpad-postepowania-odrebne-426-491-38.md,PROCEDURA_TEMATYCZNA_I_ODCZYT_JEDNOSTKI
488,99,TEKST_W_TJ,mod-PrUpad-postepowania-odrebne-426-491-38.md,PROCEDURA_TEMATYCZNA_I_ODCZYT_JEDNOSTKI
489,99,TEKST_W_TJ,mod-PrUpad-postepowania-odrebne-426-491-38.md,PROCEDURA_TEMATYCZNA_I_ODCZYT_JEDNOSTKI
490,99,TEKST_W_TJ,mod-PrUpad-postepowania-odrebne-426-491-38.md,PROCEDURA_TEMATYCZNA_I_ODCZYT_JEDNOSTKI
491,99,TEKST_W_TJ,mod-PrUpad-postepowania-odrebne-426-491-38.md,PROCEDURA_TEMATYCZNA_I_ODCZYT_JEDNOSTKI
491^1,99,TEKST_W_TJ,mod-PrUpad-konsument-workflow.md,PROCEDURA_TEMATYCZNA_I_ODCZYT_JEDNOSTKI
491^2,99,TEKST_W_TJ,mod-PrUpad-konsument-workflow.md,PROCEDURA_TEMATYCZNA_I_ODCZYT_JEDNOSTKI
491^3,100,TEKST_W_TJ,mod-PrUpad-konsument-workflow.md,PROCEDURA_TEMATYCZNA_I_ODCZYT_JEDNOSTKI
491^4,100,UCHYLONY,mod-PrUpad-konsument-workflow.md,PROCEDURA_TEMATYCZNA_I_ODCZYT_JEDNOSTKI
491^5,100,TEKST_W_TJ,mod-PrUpad-konsument-workflow.md,PROCEDURA_TEMATYCZNA_I_ODCZYT_JEDNOSTKI
491^6,101,TEKST_W_TJ,mod-PrUpad-konsument-workflow.md,PROCEDURA_TEMATYCZNA_I_ODCZYT_JEDNOSTKI
491^6a,101,TEKST_W_TJ,mod-PrUpad-konsument-workflow.md,PROCEDURA_TEMATYCZNA_I_ODCZYT_JEDNOSTKI
491^7,101,TEKST_W_TJ,mod-PrUpad-konsument-workflow.md,PROCEDURA_TEMATYCZNA_I_ODCZYT_JEDNOSTKI
491^8,101,TEKST_W_TJ,mod-PrUpad-konsument-workflow.md,PROCEDURA_TEMATYCZNA_I_ODCZYT_JEDNOSTKI
491^9,102,TEKST_W_TJ,mod-PrUpad-konsument-workflow.md,PROCEDURA_TEMATYCZNA_I_ODCZYT_JEDNOSTKI
491^10,102,TEKST_W_TJ,mod-PrUpad-konsument-workflow.md,PROCEDURA_TEMATYCZNA_I_ODCZYT_JEDNOSTKI
491^11,102,UCHYLONY,mod-PrUpad-konsument-workflow.md,PROCEDURA_TEMATYCZNA_I_ODCZYT_JEDNOSTKI
491^11a,102,TEKST_W_TJ,mod-PrUpad-konsument-workflow.md,PROCEDURA_TEMATYCZNA_I_ODCZYT_JEDNOSTKI
491^12,102,TEKST_W_TJ,mod-PrUpad-konsument-workflow.md,PROCEDURA_TEMATYCZNA_I_ODCZYT_JEDNOSTKI
491^12a,102,TEKST_W_TJ,mod-PrUpad-konsument-workflow.md,PROCEDURA_TEMATYCZNA_I_ODCZYT_JEDNOSTKI
491^13,103,UCHYLONY,mod-PrUpad-konsument-workflow.md,PROCEDURA_TEMATYCZNA_I_ODCZYT_JEDNOSTKI
491^14,103,TEKST_W_TJ,mod-PrUpad-konsument-workflow.md,PROCEDURA_TEMATYCZNA_I_ODCZYT_JEDNOSTKI
491^14a,104,TEKST_W_TJ,mod-PrUpad-konsument-workflow.md,PROCEDURA_TEMATYCZNA_I_ODCZYT_JEDNOSTKI
491^15,104,TEKST_W_TJ,mod-PrUpad-konsument-workflow.md,PROCEDURA_TEMATYCZNA_I_ODCZYT_JEDNOSTKI
491^16,105,TEKST_W_TJ,mod-PrUpad-konsument-workflow.md,PROCEDURA_TEMATYCZNA_I_ODCZYT_JEDNOSTKI
491^17,106,TEKST_W_TJ,mod-PrUpad-konsument-workflow.md,PROCEDURA_TEMATYCZNA_I_ODCZYT_JEDNOSTKI
491^18,106,TEKST_W_TJ,mod-PrUpad-konsument-workflow.md,PROCEDURA_TEMATYCZNA_I_ODCZYT_JEDNOSTKI
491^19,107,TEKST_W_TJ,mod-PrUpad-konsument-workflow.md,PROCEDURA_TEMATYCZNA_I_ODCZYT_JEDNOSTKI
491^20,107,TEKST_W_TJ,mod-PrUpad-konsument-workflow.md,PROCEDURA_TEMATYCZNA_I_ODCZYT_JEDNOSTKI
491^20a,107,TEKST_W_TJ,mod-PrUpad-konsument-workflow.md,PROCEDURA_TEMATYCZNA_I_ODCZYT_JEDNOSTKI
491^21,107,TEKST_W_TJ,mod-PrUpad-konsument-workflow.md,PROCEDURA_TEMATYCZNA_I_ODCZYT_JEDNOSTKI
491^22,108,TEKST_W_TJ,mod-PrUpad-konsument-workflow.md,PROCEDURA_TEMATYCZNA_I_ODCZYT_JEDNOSTKI
491^23,108,TEKST_W_TJ,mod-PrUpad-konsument-workflow.md,PROCEDURA_TEMATYCZNA_I_ODCZYT_JEDNOSTKI
491^24,108,TEKST_W_TJ,mod-PrUpad-konsument-workflow.md,PROCEDURA_TEMATYCZNA_I_ODCZYT_JEDNOSTKI
491^25,108,TEKST_W_TJ,mod-PrUpad-postepowania-odrebne-426-491-38.md,PROCEDURA_TEMATYCZNA_I_ODCZYT_JEDNOSTKI
491^26,109,TEKST_W_TJ,mod-PrUpad-postepowania-odrebne-426-491-38.md,PROCEDURA_TEMATYCZNA_I_ODCZYT_JEDNOSTKI
491^27,109,TEKST_W_TJ,mod-PrUpad-postepowania-odrebne-426-491-38.md,PROCEDURA_TEMATYCZNA_I_ODCZYT_JEDNOSTKI
491^28,109,TEKST_W_TJ,mod-PrUpad-postepowania-odrebne-426-491-38.md,PROCEDURA_TEMATYCZNA_I_ODCZYT_JEDNOSTKI
491^29,109,TEKST_W_TJ,mod-PrUpad-postepowania-odrebne-426-491-38.md,PROCEDURA_TEMATYCZNA_I_ODCZYT_JEDNOSTKI
491^30,109,TEKST_W_TJ,mod-PrUpad-postepowania-odrebne-426-491-38.md,PROCEDURA_TEMATYCZNA_I_ODCZYT_JEDNOSTKI
491^31,109,TEKST_W_TJ,mod-PrUpad-postepowania-odrebne-426-491-38.md,PROCEDURA_TEMATYCZNA_I_ODCZYT_JEDNOSTKI
491^32,109,TEKST_W_TJ,mod-PrUpad-postepowania-odrebne-426-491-38.md,PROCEDURA_TEMATYCZNA_I_ODCZYT_JEDNOSTKI
491^33,110,TEKST_W_TJ,mod-PrUpad-postepowania-odrebne-426-491-38.md,PROCEDURA_TEMATYCZNA_I_ODCZYT_JEDNOSTKI
491^34,110,TEKST_W_TJ,mod-PrUpad-postepowania-odrebne-426-491-38.md,PROCEDURA_TEMATYCZNA_I_ODCZYT_JEDNOSTKI
491^35,110,TEKST_W_TJ,mod-PrUpad-postepowania-odrebne-426-491-38.md,PROCEDURA_TEMATYCZNA_I_ODCZYT_JEDNOSTKI
491^36,110,TEKST_W_TJ,mod-PrUpad-postepowania-odrebne-426-491-38.md,PROCEDURA_TEMATYCZNA_I_ODCZYT_JEDNOSTKI
491^37,110,TEKST_W_TJ,mod-PrUpad-postepowania-odrebne-426-491-38.md,PROCEDURA_TEMATYCZNA_I_ODCZYT_JEDNOSTKI
491^38,110,TEKST_W_TJ,mod-PrUpad-postepowania-odrebne-426-491-38.md,PROCEDURA_TEMATYCZNA_I_ODCZYT_JEDNOSTKI
522,111,TEKST_W_TJ,mod-PrUpad-zakonczenie-zakaz-karne.md,PROCEDURA_TEMATYCZNA_I_ODCZYT_JEDNOSTKI
523,111,TEKST_W_TJ,mod-PrUpad-zakonczenie-zakaz-karne.md,PROCEDURA_TEMATYCZNA_I_ODCZYT_JEDNOSTKI
524–535,111,POMINIETE_W_TJ,mod-PrUpad-zakonczenie-zakaz-karne.md,PROCEDURA_TEMATYCZNA_I_ODCZYT_JEDNOSTKI
536,111,TEKST_W_TJ,mod-PrUpad-zakonczenie-zakaz-karne.md,PROCEDURA_TEMATYCZNA_I_ODCZYT_JEDNOSTKI
537,111,TEKST_W_TJ,mod-PrUpad-zakonczenie-zakaz-karne.md,PROCEDURA_TEMATYCZNA_I_ODCZYT_JEDNOSTKI
538,111,TEKST_W_TJ,mod-PrUpad-zakonczenie-zakaz-karne.md,PROCEDURA_TEMATYCZNA_I_ODCZYT_JEDNOSTKI
539,111,TEKST_W_TJ,mod-PrUpad-zakonczenie-zakaz-karne.md,PROCEDURA_TEMATYCZNA_I_ODCZYT_JEDNOSTKI
540,112,TEKST_W_TJ,mod-PrUpad-zakonczenie-zakaz-karne.md,PROCEDURA_TEMATYCZNA_I_ODCZYT_JEDNOSTKI
541,112,TEKST_W_TJ,mod-PrUpad-zakonczenie-zakaz-karne.md,PROCEDURA_TEMATYCZNA_I_ODCZYT_JEDNOSTKI
542,112,TEKST_W_TJ,mod-PrUpad-zakonczenie-zakaz-karne.md,PROCEDURA_TEMATYCZNA_I_ODCZYT_JEDNOSTKI
543,112,TEKST_W_TJ,mod-PrUpad-zakonczenie-zakaz-karne.md,PROCEDURA_TEMATYCZNA_I_ODCZYT_JEDNOSTKI
544,112,TEKST_W_TJ,mod-PrUpad-zakonczenie-zakaz-karne.md,PROCEDURA_TEMATYCZNA_I_ODCZYT_JEDNOSTKI
545,112,TEKST_W_TJ,mod-PrUpad-zakonczenie-zakaz-karne.md,PROCEDURA_TEMATYCZNA_I_ODCZYT_JEDNOSTKI
546,112,TEKST_W_TJ,mod-PrUpad-zakonczenie-zakaz-karne.md,PROCEDURA_TEMATYCZNA_I_ODCZYT_JEDNOSTKI
